drugname,raw_smiles,canonical_smiles,toxicity_score,n_reports
INFLECTRA,,,0.23840023832576152,67135
METHOTREXATE,CN(CC1=CN=C2C(=N1)C(=NC(=N2)N)N)C3=CC=C(C=C3)C(=O)NC(CCC(=O)O)C(=O)O,CN(Cc1cnc2nc(N)nc(N)c2n1)c1ccc(C(=O)NC(CCC(=O)O)C(=O)O)cc1,0.6499965664057135,58248
PREDNISONE,CC12CC(=O)C3C(C1CCC2(C(=O)CO)O)CCC4=CC(=O)C=CC34C,CC12C=CC(=O)C=C1CCC1C2C(=O)CC2(C)C1CCC2(O)C(=O)CO,0.5549528637074234,42218
RITUXIMAB,,,0.5698554490823453,30785
SULFASALAZINE,C1=CC=NC(=C1)NS(=O)(=O)C2=CC=C(C=C2)N=NC3=CC(=C(C=C3)O)C(=O)O,O=C(O)c1cc(N=Nc2ccc(S(=O)(=O)Nc3ccccn3)cc2)ccc1O,0.686702649656526,28532
ACETAMINOPHEN,CC(=O)NC1=CC=C(C=C1)O,CC(=O)Nc1ccc(O)cc1,0.5617257582229817,25751
FOLIC ACID,C1=CC(=CC=C1C(=O)NC(CCC(=O)O)C(=O)O)NCC2=CN=C3C(=N2)C(=O)NC(=N3)N,Nc1nc2ncc(CNc3ccc(C(=O)NC(CCC(=O)O)C(=O)O)cc3)nc2c(=O)[nH]1,0.6623550226066444,25435
ACTEMRA,,,0.6393979057591623,24448
VEDOLIZUMAB,,,0.24272112598316545,21741
TEDUGLUTIDE,CCC(C)C(C(=O)NC(C(C)O)C(=O)NC(CC(=O)O)C(=O)O)NC(=O)C(CCCCN)NC(=O)C(C(C)O)NC(=O)C(CCC(=O)N)NC(=O)C(C(C)CC)NC(=O)C(CC(C)C)NC(=O)C(CC1=CNC2=CC=CC=C21)NC(=O)C(CC(=O)N)NC(=O)C(C(C)CC)NC(=O)C(CC3=CC=CC=C3)NC(=O)C(CC(=O)O)NC(=O)C(CCCNC(=N)N)NC(=O)C(C)NC(=O)C(C)NC(=O)C(CC(C)C)NC(=O)C(CC(=O)N)NC(=O)C(CC(=O)O)NC(=O)C(CC(C)C)NC(=O)C(C(C)CC)NC(=O)C(C(C)O)NC(=O)C(CC(=O)N)NC(=O)C(CCSC)NC(=O)C(CCC(=O)O)NC(=O)C(CC(=O)O)NC(=O)C(CO)NC(=O)C(CC4=CC=CC=C4)NC(=O)C(CO)NC(=O)CNC(=O)C(CC(=O)O)NC(=O)CNC(=O)C(CC5=CN=CN5)N,CCC(C)C(NC(=O)C(Cc1ccccc1)NC(=O)C(CC(=O)O)NC(=O)C(CCCNC(=N)N)NC(=O)C(C)NC(=O)C(C)NC(=O)C(CC(C)C)NC(=O)C(CC(N)=O)NC(=O)C(CC(=O)O)NC(=O)C(CC(C)C)NC(=O)C(NC(=O)C(NC(=O)C(CC(N)=O)NC(=O)C(CCSC)NC(=O)C(CCC(=O)O)NC(=O)C(CC(=O)O)NC(=O)C(CO)NC(=O)C(Cc1ccccc1)NC(=O)C(CO)NC(=O)CNC(=O)C(CC(=O)O)NC(=O)CNC(=O)C(N)Cc1cnc[nH]1)C(C)O)C(C)CC)C(=O)NC(CC(N)=O)C(=O)NC(Cc1c[nH]c2ccccc12)C(=O)NC(CC(C)C)C(=O)NC(C(=O)NC(CCC(N)=O)C(=O)NC(C(=O)NC(CCCCN)C(=O)NC(C(=O)NC(C(=O)NC(CC(=O)O)C(=O)O)C(C)O)C(C)CC)C(C)O)C(C)CC,0.4956880389951256,21336
DEXAMETHASONE,CC1CC2C3CCC4=CC(=O)C=CC4(C3(C(CC2(C1(C(=O)CO)O)C)O)F)C,CC1CC2C3CCC4=CC(=O)C=CC4(C)C3(F)C(O)CC2(C)C1(O)C(=O)CO,0.5340641206977841,16968
CETIRIZINE HYDROCHLORIDE,C1CN(CCN1CCOCC(=O)O)C(C2=CC=CC=C2)C3=CC=C(C=C3)Cl.Cl.Cl,Cl.Cl.O=C(O)COCCN1CCN(C(c2ccccc2)c2ccc(Cl)cc2)CC1,0.6802489080356608,16713
HUMIRA,,,0.523106270383361,16251
ORENCIA,,,0.6672189650777466,15692
LEFLUNOMIDE,CC1=C(C=NO1)C(=O)NC2=CC=C(C=C2)C(F)(F)F,Cc1oncc1C(=O)Nc1ccc(C(F)(F)F)cc1,0.6502698215026982,14454
ASPIRIN,CC(=O)OC1=CC=CC=C1C(=O)O,CC(=O)Oc1ccccc1C(=O)O,0.4962911611785095,14425
HYDROXYCHLOROQUINE,CCN(CCCC(C)NC1=C2C=CC(=CC2=NC=C1)Cl)CCO,CCN(CCO)CCCC(C)Nc1ccnc2cc(Cl)ccc12,0.6477312574514342,14259
COSENTYX,,,0.4719632768361582,14160
DESOXIMETASONE,CC1CC2C3CCC4=CC(=O)C=CC4(C3(C(CC2(C1C(=O)CO)C)O)F)C,CC1CC2C3CCC4=CC(=O)C=CC4(C)C3(F)C(O)CC2(C)C1C(=O)CO,0.710889627168697,13545
XELJANZ,CC1CCN(CC1N(C)C2=NC=NC3=C2C=CN3)C(=O)CC#N.C(C(=O)O)C(CC(=O)O)(C(=O)O)O,CC1CCN(C(=O)CC#N)CC1N(C)c1ncnc2[nH]ccc12.O=C(O)CC(O)(CC(=O)O)C(=O)O,0.6213075423601739,13338
PERCOCET,CC(=O)NC1=CC=C(C=C1)O.CN1CCC23C4C(=O)CCC2(C1CC5=C3C(=C(C=C5)OC)O4)O,CC(=O)Nc1ccc(O)cc1.COc1ccc2c3c1OC1C(=O)CCC4(O)C(C2)N(C)CCC314,0.15026959443619597,12797
HYDROXYCHLOROQUINE SULFATE,CCN(CCCC(C)NC1=C2C=CC(=CC2=NC=C1)Cl)CCO.OS(=O)(=O)O,CCN(CCO)CCCC(C)Nc1ccnc2cc(Cl)ccc12.O=S(=O)(O)O,0.6809100998890122,12614
ACETAMINOPHEN\OXYCODONE HYDROCHLORIDE,,,0.16274525767320688,12283
ENBREL,,,0.6414765657403567,12055
PANTOPRAZOLE,COC1=C(C(=NC=C1)CS(=O)C2=NC3=C(N2)C=C(C=C3)OC(F)F)OC,COc1ccnc(CS(=O)c2nc3ccc(OC(F)F)cc3[nH]2)c1OC,0.5642804291527932,10812
PREDNISOLONE,CC12CC(C3C(C1CCC2(C(=O)CO)O)CCC4=CC(=O)C=CC34C)O,CC12C=CC(=O)C=C1CCC1C2C(O)CC2(C)C1CCC2(O)C(=O)CO,0.5281742354031511,10790
CYCLOPHOSPHAMIDE,C1CNP(=O)(OC1)N(CCCl)CCCl,O=P1(N(CCCl)CCCl)NCCCO1,0.46560386473429954,10350
REMICADE,,,0.5607340518496942,10299
ACETAMINOPHEN\HYDROCODONE BITARTRATE,,,0.11869112543381259,10085
ONDANSETRON,CC1=NC=CN1CC2CCC3=C(C2=O)C4=CC=CC=C4N3C,Cc1nccn1CC1CCc2c(c3ccccc3n2C)C1=O,0.6687061183550652,9970
FUROSEMIDE,C1=COC(=C1)CNC2=CC(=C(C=C2C(=O)O)S(=O)(=O)N)Cl,NS(=O)(=O)c1cc(C(=O)O)c(NCc2ccco2)cc1Cl,0.5755229283990346,9944
DICLOFENAC SODIUM,C1=CC=C(C(=C1)CC(=O)[O-])NC2=C(C=CC=C2Cl)Cl.[Na+],O=C([O-])Cc1ccccc1Nc1c(Cl)cccc1Cl.[Na+],0.7090311312031234,9733
PHTHALYLSULFATHIAZOLE,C1=CC=C(C(=C1)C(=O)NC2=CC=C(C=C2)S(=O)(=O)NC3=NC=CS3)C(=O)O,O=C(O)c1ccccc1C(=O)Nc1ccc(S(=O)(=O)Nc2nccs2)cc1,0.722581317764804,9592
ADALIMUMAB,,,0.5635133684097499,9313
TRAMADOL HYDROCHLORIDE,CN(C)CC1CCCCC1(C2=CC(=CC=C2)OC)O.Cl,COc1cccc(C2(O)CCCCC2CN(C)C)c1.Cl,0.19041464728056004,9285
CIMZIA,,,0.623422840504691,9273
GABAPENTIN,C1CCC(CC1)(CC(=O)O)CN,NCC1(CC(=O)O)CCCCC1,0.4891364902506964,8975
METHOTREXATE SODIUM,CN(CC1=CN=C2C(=N1)C(=NC(=N2)N)N)C3=CC=C(C=C3)C(=O)NC(CCC(=O)[O-])C(=O)[O-].[Na+].[Na+],CN(Cc1cnc2nc(N)nc(N)c2n1)c1ccc(C(=O)NC(CCC(=O)[O-])C(=O)[O-])cc1.[Na+].[Na+],0.5963209570025957,8861
ATORVASTATIN,CC(C)C1=C(C(=C(N1CCC(CC(CC(=O)O)O)O)C2=CC=C(C=C2)F)C3=CC=CC=C3)C(=O)NC4=CC=CC=C4,CC(C)c1c(C(=O)Nc2ccccc2)c(-c2ccccc2)c(-c2ccc(F)cc2)n1CCC(O)CC(O)CC(=O)O,0.4963680387409201,8673
OMEPRAZOLE,CC1=CN=C(C(=C1OC)C)CS(=O)C2=NC3=C(N2)C=C(C=C3)OC,COc1ccc2nc(S(=O)Cc3ncc(C)c(OC)c3C)[nH]c2c1,0.514302393461763,8565
ALBUTEROL,CC(C)(C)NCC(C1=CC(=C(C=C1)O)CO)O,CC(C)(C)NCC(O)c1ccc(O)c(CO)c1,0.5437684583579445,8465
AMLODIPINE,CCOC(=O)C1=C(NC(=C(C1C2=CC=CC=C2Cl)C(=O)OC)C)COCCN,CCOC(=O)C1=C(COCCN)NC(C)=C(C(=O)OC)C1c1ccccc1Cl,0.5149693399062162,8317
SIMPONI,,,0.6256717147044455,8188
XOLAIR,,,0.3915239620549464,8117
ELIQUIS,COC1=CC=C(C=C1)N2C3=C(CCN(C3=O)C4=CC=C(C=C4)N5CCCCC5=O)C(=N2)C(=O)N,COc1ccc(-n2nc(C(N)=O)c3c2C(=O)N(c2ccc(N4CCCCC4=O)cc2)CC3)cc1,0.5013708873379861,8024
HUMAN IMMUNOGLOBULIN G,,,0.3709898889027587,8011
MORPHINE SULFATE,CN1CCC23C4C1CC5=C2C(=C(C=C5)O)OC3C(C=C4)O.CN1CCC23C4C1CC5=C2C(=C(C=C5)O)OC3C(C=C4)O.OS(=O)(=O)O,CN1CCC23c4c5ccc(O)c4OC2C(O)C=CC3C1C5.CN1CCC23c4c5ccc(O)c4OC2C(O)C=CC3C1C5.O=S(=O)(O)O,0.3490652372859197,7649
METFORMIN,CN(C)C(=N)N=C(N)N,CN(C)C(=N)N=C(N)N,0.5183162381777008,7507
HYDROCORTISONE,CC12CCC(=O)C=C1CCC3C2C(CC4(C3CCC4(C(=O)CO)O)C)O,CC12CCC(=O)C=C1CCC1C2C(O)CC2(C)C1CCC2(O)C(=O)CO,0.5802805392891189,7343
ARAVA,CC1=C(C=NO1)C(=O)NC2=CC=C(C=C2)C(F)(F)F,Cc1oncc1C(=O)Nc1ccc(C(F)(F)F)cc1,0.6777186519306864,7329
CORTISONE ACETATE,CC(=O)OCC(=O)C1(CCC2C1(CC(=O)C3C2CCC4=CC(=O)CCC34C)C)O,CC(=O)OCC(=O)C1(O)CCC2C3CCC4=CC(=O)CCC4(C)C3C(=O)CC21C,0.7215172601992086,7329
CARBOPLATIN,C1CC(C1)(C(=O)O)C(=O)O.[NH2-].[NH2-].[Pt+2],O=C(O)C1(C(=O)O)CCC1.[NH2-].[NH2-].[Pt+2],0.4951687438734071,7141
PANTOPRAZOLE SODIUM,COC1=C(C(=NC=C1)CS(=O)C2=NC3=C([N-]2)C=CC(=C3)OC(F)F)OC.[Na+],COc1ccnc(CS(=O)c2nc3cc(OC(F)F)ccc3[n-]2)c1OC.[Na+],0.5489239598278336,6970
KEYTRUDA,,,0.4811361981063365,6865
SODIUM CHLORIDE,[Na+].[Cl-],[Cl-].[Na+],0.5054961160779715,6823
VITAMIN D3,CC(C)CCCC(C)C1CCC2C1(CCCC2=CC=C3CC(CCC3=C)O)C,C=C1CCC(O)CC1=CC=C1CCCC2(C)C1CCC2C(C)CCCC(C)C,0.48747220163083765,6745
ERELZI,,,0.6672627030248846,6711
INFLIXIMAB,,,0.5515695067264574,6690
METHYLPREDNISOLONE,CC1CC2C3CCC(C3(CC(C2C4(C1=CC(=O)C=C4)C)O)C)(C(=O)CO)O,CC1CC2C(C(O)CC3(C)C2CCC3(O)C(=O)CO)C2(C)C=CC(=O)C=C12,0.49276018099547514,6630
IBUPROFEN,CC(C)CC1=CC=C(C=C1)C(C)C(=O)O,CC(C)Cc1ccc(C(C)C(=O)O)cc1,0.5124280084874204,6598
RAMIPRIL,CCOC(=O)C(CCC1=CC=CC=C1)NC(C)C(=O)N2C3CCCC3CC2C(=O)O,CCOC(=O)C(CCc1ccccc1)NC(C)C(=O)N1C(C(=O)O)CC2CCCC21,0.5727300802964793,6476
TACROLIMUS,CC1CC(C2C(CC(C(O2)(C(=O)C(=O)N3CCCCC3C(=O)OC(C(C(CC(=O)C(C=C(C1)C)CC=C)O)C)C(=CC4CCC(C(C4)OC)O)C)O)C)OC)OC,C=CCC1C=C(C)CC(C)CC(OC)C2OC(O)(C(=O)C(=O)N3CCCCC3C(=O)OC(C(C)=CC3CCC(O)C(OC)C3)C(C)C(O)CC1=O)C(C)CC2OC,0.4756606397774687,6471
TOCILIZUMAB,,,0.6231770424964717,6377
KISQALI,"CN(C)C(=O)C1=CC2=CN=C(N=C2N1C3CCCC3)NC4=NC=C(C=C4)N5CCNCC5
CN(C)C(=O)C1=CC2=CN=C(N=C2N1C3CCCC3)NC4=NC=C(C=C4)N5CCNCC5.C(CC(=O)O)C(=O)O",CN(C)C(=O)c1cc2cnc(Nc3ccc(N4CCNCC4)cn3)nc2n1C1CCCC1,0.3938131110754929,6239
CARBIDOPA\LEVODOPA,,,0.5999021366824335,6131
STELARA,,,0.6114950278105512,5933
CHOLECALCIFEROL,CC(C)CCCC(C)C1CCC2C1(CCCC2=CC=C3CC(CCC3=C)O)C,C=C1CCC(O)CC1=CC=C1CCCC2(C)C1CCC2C(C)CCCC(C)C,0.5528205128205128,5850
LEVOTHYROXINE,C1=C(C=C(C(=C1I)OC2=CC(=C(C(=C2)I)O)I)I)CC(C(=O)O)N,NC(Cc1cc(I)c(Oc2cc(I)c(O)c(I)c2)c(I)c1)C(=O)O,0.4882051282051282,5850
ALENDRONATE SODIUM,C(CC(O)(P(=O)(O)O)P(=O)(O)[O-])CN.O.O.O.[Na+],NCCCC(O)(P(=O)([O-])O)P(=O)(O)O.O.O.O.[Na+],0.6854712723485507,5761
LORAZEPAM,C1=CC=C(C(=C1)C2=NC(C(=O)NC3=C2C=C(C=C3)Cl)O)Cl,O=C1Nc2ccc(Cl)cc2C(c2ccccc2Cl)=NC1O,0.5848004183371099,5737
FOSAMAX,"C(CC(O)(P(=O)(O)O)P(=O)(O)[O-])CN.O.O.O.[Na+]
C(CC(O)(P(=O)(O)O)P(=O)(O)[O-])CN.[Na+]
C(CC(O)(P(=O)(O)O)P(=O)(O)O)CN
C(CC(O)(P(=O)(O)O)P(=O)(O)[O-])CN",NCCCC(O)(P(=O)([O-])O)P(=O)(O)O.O.O.O.[Na+],0.7067458930443901,5722
PACLITAXEL,CC1=C2C(C(=O)C3(C(CC4C(C3C(C(C2(C)C)(CC1OC(=O)C(C(C5=CC=CC=C5)NC(=O)C6=CC=CC=C6)O)O)OC(=O)C7=CC=CC=C7)(CO4)OC(=O)C)O)C)OC(=O)C,CC(=O)OC1C(=O)C2(C)C(O)CC3OCC3(OC(C)=O)C2C(OC(=O)c2ccccc2)C2(O)CC(OC(=O)C(O)C(NC(=O)c3ccccc3)c3ccccc3)C(C)=C1C2(C)C,0.5087966220971147,5684
MYCOPHENOLATE MOFETIL,CC1=C2COC(=O)C2=C(C(=C1OC)CC=C(C)CCC(=O)OCCN3CCOCC3)O,COc1c(C)c2c(c(O)c1CC=C(C)CCC(=O)OCCN1CCOCC1)C(=O)OC2,0.5185513935735843,5633
ENDOCET,CC(=O)NC1=CC=C(C=C1)O.CN1CCC23C4C(=O)CCC2(C1CC5=C3C(=C(C=C5)OC)O4)O,CC(=O)Nc1ccc(O)cc1.COc1ccc2c3c1OC1C(=O)CCC4(O)C(C2)N(C)CCC314,0.13689302992295288,5581
CLOZARIL,CN1CCN(CC1)C2=NC3=C(C=CC(=C3)Cl)NC4=CC=CC=C42,CN1CCN(C2=Nc3cc(Cl)ccc3Nc3ccccc32)CC1,0.6307830783078308,5555
OXYCODONE,CN1CCC23C4C(=O)CCC2(C1CC5=C3C(=C(C=C5)OC)O4)O,COc1ccc2c3c1OC1C(=O)CCC4(O)C(C2)N(C)CCC314,0.5813868613138686,5480
LENALIDOMIDE,C1CC(=O)NC(=O)C1N2CC3=C(C2=O)C=CC=C3N,Nc1cccc2c1CN(C1CCC(=O)NC1=O)C2=O,0.4817947774917249,5438
LANSOPRAZOLE,CC1=C(C=CN=C1CS(=O)C2=NC3=CC=CC=C3N2)OCC(F)(F)F,Cc1c(OCC(F)(F)F)ccnc1CS(=O)c1nc2ccccc2[nH]1,0.5948642157768336,5413
DIPHENHYDRAMINE,CN(C)CCOC(C1=CC=CC=C1)C2=CC=CC=C2,CN(C)CCOC(c1ccccc1)c1ccccc1,0.3972962823882839,5326
ALBUTEROL SULFATE,CC(C)(C)NCC(C1=CC(=C(C=C1)O)CO)O.CC(C)(C)NCC(C1=CC(=C(C=C1)O)CO)O.OS(=O)(=O)O,CC(C)(C)NCC(O)c1ccc(O)c(CO)c1.CC(C)(C)NCC(O)c1ccc(O)c(CO)c1.O=S(=O)(O)O,0.4628021148036254,5296
PREGABALIN,CC(C)CC(CC(=O)O)CN,CC(C)CC(CN)CC(=O)O,0.5347859327217125,5232
ALLOPURINOL,C1=NNC2=C1C(=O)NC=N2,O=c1[nH]cnc2[nH]ncc12,0.6063097514340344,5230
CLOZAPINE,CN1CCN(CC1)C2=NC3=C(C=CC(=C3)Cl)NC4=CC=CC=C42,CN1CCN(C2=Nc3cc(Cl)ccc3Nc3ccccc32)CC1,0.50231124807396,5192
ROSUVASTATIN,CC(C)C1=NC(=NC(=C1C=CC(CC(CC(=O)O)O)O)C2=CC=C(C=C2)F)N(C)S(=O)(=O)C,CC(C)c1nc(N(C)S(C)(=O)=O)nc(-c2ccc(F)cc2)c1C=CC(O)CC(O)CC(=O)O,0.4963320463320463,5180
CERTOLIZUMAB PEGOL,,,0.414180550174351,5162
QUETIAPINE,C1CN(CCN1CCOCCO)C2=NC3=CC=CC=C3SC4=CC=CC=C42,OCCOCCN1CCN(C2=Nc3ccccc3Sc3ccccc32)CC1,0.5773216420884815,5018
LISINOPRIL,C1CC(N(C1)C(=O)C(CCCCN)NC(CCC2=CC=CC=C2)C(=O)O)C(=O)O,NCCCCC(NC(CCc1ccccc1)C(=O)O)C(=O)N1CCCC1C(=O)O,0.5481230031948882,5008
CETIRIZINE,C1CN(CCN1CCOCC(=O)O)C(C2=CC=CC=C2)C3=CC=C(C=C3)Cl,O=C(O)COCCN1CCN(C(c2ccccc2)c2ccc(Cl)cc2)CC1,0.6206896551724138,4901
DICLOFENAC,C1=CC=C(C(=C1)CC(=O)O)NC2=C(C=CC=C2Cl)Cl,O=C(O)Cc1ccccc1Nc1c(Cl)cccc1Cl,0.6140422911106549,4871
AMITRIPTYLINE,CN(C)CCC=C1C2=CC=CC=C2CCC3=CC=CC=C31,CN(C)CCC=C1c2ccccc2CCc2ccccc21,0.5745776679027607,4854
CETIRIZINE HYDROCHLORIDE\PSEUDOEPHEDRINE HYDROCHLORIDE,,,0.7116058544629973,4851
TYLENOL,CC(=O)NC1=CC=C(C=C1)O,CC(=O)Nc1ccc(O)cc1,0.4629208841148523,4841
OXYCODONE HYDROCHLORIDE,CN1CCC23C4C(=O)CCC2(C1CC5=C3C(=C(C=C5)OC)O4)O.Cl,COc1ccc2c3c1OC1C(=O)CCC4(O)C(C2)N(C)CCC314.Cl,0.4806929659778752,4791
PSEUDOEPHEDRINE HYDROCHLORIDE,CC(C(C1=CC=CC=C1)O)NC.Cl,CNC(C)C(O)c1ccccc1.Cl,0.7030695343495511,4789
OLANZAPINE,CC1=CC2=C(S1)NC3=CC=CC=C3N=C2N4CCN(CC4)C,Cc1cc2c(s1)Nc1ccccc1N=C2N1CCN(C)CC1,0.5444186537244144,4739
BISOPROLOL,CC(C)NCC(COC1=CC=C(C=C1)COCCOC(C)C)O,CC(C)NCC(O)COc1ccc(COCCOC(C)C)cc1,0.5348837209302325,4730
SKYRIZI,,,0.3519932145886344,4716
POTASSIUM CHLORIDE,[Cl-].[K+],[Cl-].[K+],0.6203605514316013,4715
CALCIUM CARBONATE,C(=O)([O-])[O-].[Ca+2],O=C([O-])[O-].[Ca+2],0.5979095563139932,4688
HYDROCORTISONE ACETATE,CC(=O)OCC(=O)C1(CCC2C1(CC(C3C2CCC4=CC(=O)CCC34C)O)C)O,CC(=O)OCC(=O)C1(O)CCC2C3CCC4=CC(=O)CCC4(C)C3C(O)CC21C,0.7181092164903949,4633
CALCIUM,[Ca],[Ca],0.4503139207620697,4619
OXYMORPHONE HYDROCHLORIDE,CN1CCC23C4C(=O)CCC2(C1CC5=C3C(=C(C=C5)O)O4)O.Cl,CN1CCC23c4c5ccc(O)c4OC2C(=O)CCC3(O)C1C5.Cl,0.06376496191512514,4595
VITAMIN C,C(C(C1C(=C(C(=O)O1)O)O)O)O,O=C1OC(C(O)CO)C(O)=C1O,0.5252679938744257,4571
LEVOTHYROXINE SODIUM,C1=C(C=C(C(=C1I)OC2=CC(=C(C(=C2)I)O)I)I)CC(C(=O)[O-])N.[Na+],NC(Cc1cc(I)c(Oc2cc(I)c(O)c(I)c2)c(I)c1)C(=O)[O-].[Na+],0.5792937047598158,4559
RINVOQ,"CCC1CN(CC1C2=CN=C3N2C4=C(NC=C4)N=C3)C(=O)NCC(F)(F)F
CCC1CN(CC1C2=CN=C3N2C4=C(NC=C4)N=C3)C(=O)NCC(F)(F)F.CCC1CN(CC1C2=CN=C3N2C4=C(NC=C4)N=C3)C(=O)NCC(F)(F)F.O",CCC1CN(C(=O)NCC(F)(F)F)CC1c1cnc2cnc3[nH]ccc3n12,0.3858792184724689,4504
PLAQUENIL,CCN(CCCC(C)NC1=C2C=CC(=CC2=NC=C1)Cl)CCO,CCN(CCO)CCCC(C)Nc1ccnc2cc(Cl)ccc12,0.6605239786856127,4504
REVLIMID,C1CC(=O)NC(=O)C1N2CC3=C(C2=O)C=CC=C3N,Nc1cccc2c1CN(C1CCC(=O)NC1=O)C2=O,0.3609441104431084,4491
ACETAMINOPHEN AND CODEINE,CC(=O)NC1=CC=C(C=C1)O.CN1CCC23C4C1CC5=C2C(=C(C=C5)OC)OC3C(C=C4)O.OP(=O)(O)O,CC(=O)Nc1ccc(O)cc1.COc1ccc2c3c1OC1C(O)C=CC4C(C2)N(C)CCC341.O=P(O)(O)O,0.297886690647482,4448
FLUOROURACIL,C1=C(C(=O)NC(=O)N1)F,O=c1[nH]cc(F)c(=O)[nH]1,0.5660589691649787,4443
METOPROLOL,CC(C)NCC(COC1=CC=C(C=C1)CCOC)O,COCCc1ccc(OCC(O)CNC(C)C)cc1,0.507489786654562,4406
NAPROXEN,CC(C1=CC2=C(C=C1)C=C(C=C2)OC)C(=O)O,COc1ccc2cc(C(C)C(=O)O)ccc2c1,0.4881440948472412,4386
AMLODIPINE BESYLATE,CCOC(=O)C1=C(NC(=C(C1C2=CC=CC=C2Cl)C(=O)OC)C)COCCN.C1=CC=C(C=C1)S(=O)(=O)O,CCOC(=O)C1=C(COCCN)NC(C)=C(C(=O)OC)C1c1ccccc1Cl.O=S(=O)(O)c1ccccc1,0.5460766423357665,4384
NITROGLYCERIN,C(C(CO[N+](=O)[O-])O[N+](=O)[O-])O[N+](=O)[O-],O=[N+]([O-])OCC(CO[N+](=O)[O-])O[N+](=O)[O-],0.5897315120113048,4246
LEVOFLOXACIN,CC1COC2=C3N1C=C(C(=O)C3=CC(=C2N4CCN(CC4)C)F)C(=O)O,CC1COc2c(N3CCN(C)CC3)c(F)cc3c(=O)c(C(=O)O)cn1c23,0.5939350864723999,4221
OMALIZUMAB,,,0.4430229803364132,4221
PEMBROLIZUMAB,,,0.5449505905037358,4149
OXALIPLATIN,C1CCC(C(C1)[NH-])[NH-].C(=O)(C(=O)O)O.[Pt+2],O=C(O)C(=O)O.[NH-]C1CCCCC1[NH-].[Pt+2],0.5201253314051578,4149
IBRANCE,CC1=C(C(=O)N(C2=NC(=NC=C12)NC3=NC=C(C=C3)N4CCNCC4)C5CCCC5)C(=O)C,CC(=O)c1c(C)c2cnc(Nc3ccc(N4CCNCC4)cn3)nc2n(C2CCCC2)c1=O,0.2971357409713574,4015
TRAMADOL,CN(C)CC1CCCCC1(C2=CC(=CC=C2)OC)O,COc1cccc(C2(O)CCCCC2CN(C)C)c1,0.46817610062893084,3975
DUPIXENT,,,0.4404432132963989,3971
VENETOCLAX,CC1(CCC(=C(C1)C2=CC=C(C=C2)Cl)CN3CCN(CC3)C4=CC(=C(C=C4)C(=O)NS(=O)(=O)C5=CC(=C(C=C5)NCC6CCOCC6)[N+](=O)[O-])OC7=CN=C8C(=C7)C=CN8)C,CC1(C)CCC(CN2CCN(c3ccc(C(=O)NS(=O)(=O)c4ccc(NCC5CCOCC5)c([N+](=O)[O-])c4)c(Oc4cnc5[nH]ccc5c4)c3)CC2)=C(c2ccc(Cl)cc2)C1,0.5430379746835443,3950
AZATHIOPRINE,CN1C=NC(=C1SC2=NC=NC3=C2NC=N3)[N+](=O)[O-],Cn1cnc([N+](=O)[O-])c1Sc1ncnc2nc[nH]c12,0.48062800709040265,3949
ENTRESTO,CCCCC(=O)N(CC1=CC=C(C=C1)C2=CC=CC=C2C3=NN=N[N-]3)C(C(C)C)C(=O)[O-].CCCCC(=O)N(CC1=CC=C(C=C1)C2=CC=CC=C2C3=NN=N[N-]3)C(C(C)C)C(=O)[O-].CCOC(=O)C(C)CC(CC1=CC=C(C=C1)C2=CC=CC=C2)NC(=O)CCC(=O)[O-].CCOC(=O)C(C)CC(CC1=CC=C(C=C1)C2=CC=CC=C2)NC(=O)CCC(=O)[O-].O.O.O.O.O.[Na+].[Na+].[Na+].[Na+].[Na+].[Na+],CCCCC(=O)N(Cc1ccc(-c2ccccc2-c2nnn[n-]2)cc1)C(C(=O)[O-])C(C)C.CCCCC(=O)N(Cc1ccc(-c2ccccc2-c2nnn[n-]2)cc1)C(C(=O)[O-])C(C)C.CCOC(=O)C(C)CC(Cc1ccc(-c2ccccc2)cc1)NC(=O)CCC(=O)[O-].CCOC(=O)C(C)CC(Cc1ccc(-c2ccccc2)cc1)NC(=O)CCC(=O)[O-].O.O.O.O.O.[Na+].[Na+].[Na+].[Na+].[Na+].[Na+],0.45931558935361216,3945
SPIRONOLACTONE,CC(=O)SC1CC2=CC(=O)CCC2(C3C1C4CCC5(C4(CC3)C)CCC(=O)O5)C,CC(=O)SC1CC2=CC(=O)CCC2(C)C2CCC3(C)C(CCC34CCC(=O)O4)C12,0.5467479674796748,3936
OPDIVO,,,0.4690445859872611,3925
ROSUVASTATIN CALCIUM,CC(C)C1=NC(=NC(=C1C=CC(CC(CC(=O)[O-])O)O)C2=CC=C(C=C2)F)N(C)S(=O)(=O)C.CC(C)C1=NC(=NC(=C1C=CC(CC(CC(=O)[O-])O)O)C2=CC=C(C=C2)F)N(C)S(=O)(=O)C.[Ca+2],CC(C)c1nc(N(C)S(C)(=O)=O)nc(-c2ccc(F)cc2)c1C=CC(O)CC(O)CC(=O)[O-].CC(C)c1nc(N(C)S(C)(=O)=O)nc(-c2ccc(F)cc2)c1C=CC(O)CC(O)CC(=O)[O-].[Ca+2],0.5382639958911145,3894
BEVACIZUMAB,,,0.4824043154379656,3893
CELEBREX,CC1=CC=C(C=C1)C2=CC(=NN2C3=CC=C(C=C3)S(=O)(=O)N)C(F)(F)F,Cc1ccc(-c2cc(C(F)(F)F)nn2-c2ccc(S(N)(=O)=O)cc2)cc1,0.5902777777777778,3888
LEVETIRACETAM,CCC(C(=O)N)N1CCCC1=O,CCC(C(N)=O)N1CCCC1=O,0.39483870967741935,3875
ALENDRONIC ACID,C(CC(O)(P(=O)(O)O)P(=O)(O)O)CN,NCCCC(O)(P(=O)(O)O)P(=O)(O)O,0.6993025058124516,3871
CYCLOBENZAPRINE,CN(C)CCC=C1C2=CC=CC=C2C=CC3=CC=CC=C31,CN(C)CCC=C1c2ccccc2C=Cc2ccccc21,0.5629860031104199,3858
SULFAMETHOXAZOLE\TRIMETHOPRIM,,,0.616441908713693,3856
CARBAMAZEPINE,C1=CC=C2C(=C1)C=CC3=CC=CC=C3N2C(=O)N,NC(=O)N1c2ccccc2C=Cc2ccccc21,0.6003649635036497,3836
HYDROMORPHONE HYDROCHLORIDE,CN1CCC23C4C1CC5=C2C(=C(C=C5)O)OC3C(=O)CC4.Cl,CN1CCC23c4c5ccc(O)c4OC2C(=O)CCC3C1C5.Cl,0.5931528662420382,3768
METFORMIN HYDROCHLORIDE,CN(C)C(=N)N=C(N)N.Cl,CN(C)C(=N)N=C(N)N.Cl,0.54670626349892,3704
METRONIDAZOLE,CC1=NC=C(N1CCO)[N+](=O)[O-],Cc1ncc([N+](=O)[O-])n1CCO,0.6158238172920065,3678
ADVATE,,,0.26107419712070873,3612
ACYCLOVIR,C1=NC2=C(N1COCCO)N=C(NC2=O)N,Nc1nc2c(ncn2COCCO)c(=O)[nH]1,0.5428491930996104,3594
ICATIBANT,C1CCC2C(C1)CC(N2C(=O)C3CC4=CC=CC=C4CN3C(=O)C(CO)NC(=O)C(CC5=CC=CS5)NC(=O)CNC(=O)C6CC(CN6C(=O)C7CCCN7C(=O)C(CCCN=C(N)N)NC(=O)C(CCCN=C(N)N)N)O)C(=O)NC(CCCN=C(N)N)C(=O)O,NC(N)=NCCCC(N)C(=O)NC(CCCN=C(N)N)C(=O)N1CCCC1C(=O)N1CC(O)CC1C(=O)NCC(=O)NC(Cc1cccs1)C(=O)NC(CO)C(=O)N1Cc2ccccc2CC1C(=O)N1C(C(=O)NC(CCCN=C(N)N)C(=O)O)CC2CCCCC21,0.400448053766452,3571
SIMVASTATIN,CCC(C)(C)C(=O)OC1CC(C=C2C1C(C(C=C2)C)CCC3CC(CC(=O)O3)O)C,CCC(C)(C)C(=O)OC1CC(C)C=C2C=CC(C)C(CCC3CC(O)CC(=O)O3)C21,0.5532153889356922,3561
CLONAZEPAM,C1C(=O)NC2=C(C=C(C=C2)[N+](=O)[O-])C(=N1)C3=CC=CC=C3Cl,O=C1CN=C(c2ccccc2Cl)c2cc([N+](=O)[O-])ccc2N1,0.4650379106992418,3561
DOXORUBICIN,CC1C(C(CC(O1)OC2CC(CC3=C2C(=C4C(=C3O)C(=O)C5=C(C4=O)C(=CC=C5)OC)O)(C(=O)CO)O)N)O,COc1cccc2c1C(=O)c1c(O)c3c(c(O)c1C2=O)CC(O)(C(=O)CO)CC3OC1CC(N)C(O)C(C)O1,0.4234335487496488,3559
ZOPICLONE,CN1CCN(CC1)C(=O)OC2C3=NC=CN=C3C(=O)N2C4=NC=C(C=C4)Cl,CN1CCN(C(=O)OC2c3nccnc3C(=O)N2c2ccc(Cl)cn2)CC1,0.47561319424866083,3547
OCREVUS,,,0.4304654442877292,3545
ETOPOSIDE,CC1OCC2C(O1)C(C(C(O2)OC3C4COC(=O)C4C(C5=CC6=C(C=C35)OCO6)C7=CC(=C(C(=C7)OC)O)OC)O)O,COc1cc(C2c3cc4c(cc3C(OC3OC5COC(C)OC5C(O)C3O)C3COC(=O)C23)OCO4)cc(OC)c1O,0.4641647855530474,3544
CYTARABINE,C1=CN(C(=O)N=C1N)C2C(C(C(O2)CO)O)O,Nc1ccn(C2OC(CO)C(O)C2O)c(=O)n1,0.5181584215041464,3497
ELIGARD,CCNC(=O)C1CCCN1C(=O)C(CCCN=C(N)N)NC(=O)C(CC(C)C)NC(=O)C(CC(C)C)NC(=O)C(CC2=CC=C(C=C2)O)NC(=O)C(CO)NC(=O)C(CC3=CNC4=CC=CC=C43)NC(=O)C(CC5=CN=CN5)NC(=O)C6CCC(=O)N6.CC(=O)O,CC(=O)O.CCNC(=O)C1CCCN1C(=O)C(CCCN=C(N)N)NC(=O)C(CC(C)C)NC(=O)C(CC(C)C)NC(=O)C(Cc1ccc(O)cc1)NC(=O)C(CO)NC(=O)C(Cc1c[nH]c2ccccc12)NC(=O)C(Cc1cnc[nH]1)NC(=O)C1CCC(=O)N1,0.45261952476381334,3493
AZITHROMYCIN,CCC1C(C(C(N(CC(CC(C(C(C(C(C(=O)O1)C)OC2CC(C(C(O2)C)O)(C)OC)C)OC3C(C(CC(O3)C)N(C)C)O)(C)O)C)C)C)O)(C)O,CCC1OC(=O)C(C)C(OC2CC(C)(OC)C(O)C(C)O2)C(C)C(OC2OC(C)CC(N(C)C)C2O)C(C)(O)CC(C)CN(C)C(C)C(O)C1(C)O,0.4826086956521739,3450
HYDROCHLOROTHIAZIDE,C1NC2=CC(=C(C=C2S(=O)(=O)N1)S(=O)(=O)N)Cl,NS(=O)(=O)c1cc2c(cc1Cl)NCNS2(=O)=O,0.46846846846846846,3441
SERTRALINE,CNC1CCC(C2=CC=CC=C12)C3=CC(=C(C=C3)Cl)Cl,CNC1CCC(c2ccc(Cl)c(Cl)c2)c2ccccc21,0.47818396226415094,3392
CORTISONE,CC12CCC(=O)C=C1CCC3C2C(=O)CC4(C3CCC4(C(=O)CO)O)C,CC12CCC(=O)C=C1CCC1C2C(=O)CC2(C)C1CCC2(O)C(=O)CO,0.6431314623338257,3385
PROMETHAZINE HYDROCHLORIDE AND CODEINE PHOSPHATE,CC(CN1C2=CC=CC=C2SC3=CC=CC=C31)N(C)C.CN1CCC23C4C1CC5=C2C(=C(C=C5)OC)OC3C(C=C4)O,CC(CN1c2ccccc2Sc2ccccc21)N(C)C.COc1ccc2c3c1OC1C(O)C=CC4C(C2)N(C)CCC341,0.04144464179988159,3378
MESALAMINE,C1=CC(=C(C=C1N)C(=O)O)O,Nc1ccc(O)c(C(=O)O)c1,0.24887556221889057,3335
RISPERIDONE,CC1=C(C(=O)N2CCCCC2=N1)CCN3CCC(CC3)C4=NOC5=C4C=CC(=C5)F,Cc1nc2n(c(=O)c1CCN1CCC(c3noc4cc(F)ccc34)CC1)CCCC2,0.532389273877674,3319
FENTANYL,CCC(=O)N(C1CCN(CC1)CCC2=CC=CC=C2)C3=CC=CC=C3,CCC(=O)N(c1ccccc1)C1CCN(CCc2ccccc2)CC1,0.5747791653975023,3283
BUDESONIDE,CCCC1OC2CC3C4CCC5=CC(=O)C=CC5(C4C(CC3(C2(O1)C(=O)CO)C)O)C,CCCC1OC2CC3C4CCC5=CC(=O)C=CC5(C)C4C(O)CC3(C)C2(C(=O)CO)O1,0.41510015408320494,3245
RUXIENCE,,,0.26976744186046514,3225
MAGNESIUM,[Mg],[Mg],0.5164494103041589,3222
CYCLOSPORINE,CCC1C(=O)N(CC(=O)N(C(C(=O)NC(C(=O)N(C(C(=O)NC(C(=O)NC(C(=O)N(C(C(=O)N(C(C(=O)N(C(C(=O)N(C(C(=O)N1)C(C(C)CC=CC)O)C)C(C)C)C)CC(C)C)C)CC(C)C)C)C)C)CC(C)C)C)C(C)C)CC(C)C)C)C,CC=CCC(C)C(O)C1C(=O)NC(CC)C(=O)N(C)CC(=O)N(C)C(CC(C)C)C(=O)NC(C(C)C)C(=O)N(C)C(CC(C)C)C(=O)NC(C)C(=O)NC(C)C(=O)N(C)C(CC(C)C)C(=O)N(C)C(CC(C)C)C(=O)N(C)C(C(C)C)C(=O)N1C,0.4615863141524106,3215
NUPLAZID,CC(C)COC1=CC=C(C=C1)CNC(=O)N(CC2=CC=C(C=C2)F)C3CCN(CC3)C.CC(C)COC1=CC=C(C=C1)CNC(=O)N(CC2=CC=C(C=C2)F)C3CCN(CC3)C.C(C(C(=O)O)O)(C(=O)O)O,CC(C)COc1ccc(CNC(=O)N(Cc2ccc(F)cc2)C2CCN(C)CC2)cc1.CC(C)COc1ccc(CNC(=O)N(Cc2ccc(F)cc2)C2CCN(C)CC2)cc1.O=C(O)C(O)C(O)C(=O)O,0.5421986919962628,3211
VENCLEXTA,CC1(CCC(=C(C1)C2=CC=C(C=C2)Cl)CN3CCN(CC3)C4=CC(=C(C=C4)C(=O)NS(=O)(=O)C5=CC(=C(C=C5)NCC6CCOCC6)[N+](=O)[O-])OC7=CN=C8C(=C7)C=CN8)C,CC1(C)CCC(CN2CCN(c3ccc(C(=O)NS(=O)(=O)c4ccc(NCC5CCOCC5)c([N+](=O)[O-])c4)c(Oc4cnc5[nH]ccc5c4)c3)CC2)=C(c2ccc(Cl)cc2)C1,0.6075117370892019,3195
LYRICA,CC(C)CC(CC(=O)O)CN,CC(C)CC(CN)CC(=O)O,0.5317882868775446,3193
VITAMIN B12,CC1=CC2=C(C=C1C)N(C=N2)C3C(C(C(O3)CO)OP(=O)([O-])OC(C)CNC(=O)CCC4(C(C5C6(C(C(C(=N6)C(=C7C(C(C(=N7)C=C8C(C(C(=N8)C(=C4[N-]5)C)CCC(=O)N)(C)C)CCC(=O)N)(C)CC(=O)N)C)CCC(=O)N)(C)CC(=O)N)C)CC(=O)N)C)O.[C-]#N.[Co+3],CC1=C2N=C(C=C3N=C(C(C)=C4[N-]C(C(CC(N)=O)C4(C)CCC(=O)NCC(C)OP(=O)([O-])OC4C(CO)OC(n5cnc6cc(C)c(C)cc65)C4O)C4(C)N=C1C(CCC(N)=O)C4(C)CC(N)=O)C(CCC(N)=O)C3(C)C)C(CCC(N)=O)C2(C)CC(N)=O.[C-]#N.[Co+3],0.4452141057934509,3176
MORPHINE,CN1CCC23C4C1CC5=C2C(=C(C=C5)O)OC3C(C=C4)O,CN1CCC23c4c5ccc(O)c4OC2C(O)C=CC3C1C5,0.5932741116751269,3152
LAMOTRIGINE,C1=CC(=C(C(=C1)Cl)Cl)C2=C(N=C(N=N2)N)N,Nc1nnc(-c2cccc(Cl)c2Cl)c(N)n1,0.4564168542939852,3109
CISPLATIN,N.N.Cl[Pt]Cl,N.N.[Cl][Pt][Cl],0.4136041263700838,3102
VINCRISTINE,CCC1(CC2CC(C3=C(CCN(C2)C1)C4=CC=CC=C4N3)(C5=C(C=C6C(=C5)C78CCN9C7C(C=CC9)(C(C(C8N6C=O)(C(=O)OC)O)OC(=O)C)CC)OC)C(=O)OC)O,CCC1(O)CC2CN(CCc3c([nH]c4ccccc34)C(C(=O)OC)(c3cc4c(cc3OC)N(C=O)C3C(O)(C(=O)OC)C(OC(C)=O)C5(CC)C=CCN6CCC43C65)C2)C1,0.4320261437908497,3060
TOFACITINIB CITRATE,CC1CCN(CC1N(C)C2=NC=NC3=C2C=CN3)C(=O)CC#N.C(C(=O)O)C(CC(=O)O)(C(=O)O)O,CC1CCN(C(=O)CC#N)CC1N(C)c1ncnc2[nH]ccc12.O=C(O)CC(O)(CC(=O)O)C(=O)O,0.7021346469622332,3045
FENTANYL CITRATE,CCC(=O)N(C1CCN(CC1)CCC2=CC=CC=C2)C3=CC=CC=C3.C(C(=O)O)C(CC(=O)O)(C(=O)O)O,CCC(=O)N(c1ccccc1)C1CCN(CCc2ccccc2)CC1.O=C(O)CC(O)(CC(=O)O)C(=O)O,0.2049934296977661,3044
DIPHENHYDRAMINE HYDROCHLORIDE,CN(C)CCOC(C1=CC=CC=C1)C2=CC=CC=C2.Cl,CN(C)CCOC(c1ccccc1)c1ccccc1.Cl,0.4621710526315789,3040
LETROZOLE,C1=CC(=CC=C1C#N)C(C2=CC=C(C=C2)C#N)N3C=NC=N3,N#Cc1ccc(C(c2ccc(C#N)cc2)n2cncn2)cc1,0.3461157024793388,3025
XYREM,C(CC(=O)[O-])CO.[Na+],O=C([O-])CCCO.[Na+],0.22123015873015872,3024
XYWAV,,,0.20898502495840265,3005
PROPOXYPHENE HYDROCHLORIDE,CCC(=O)OC(CC1=CC=CC=C1)(C2=CC=CC=C2)C(C)CN(C)C.Cl,CCC(=O)OC(Cc1ccccc1)(c1ccccc1)C(C)CN(C)C.Cl,0.03790674270379067,2981
HYDROMORPHONE,CN1CCC23C4C1CC5=C2C(=C(C=C5)O)OC3C(=O)CC4,CN1CCC23c4c5ccc(O)c4OC2C(=O)CCC3C1C5,0.5400743997294555,2957
BACLOFEN,C1=CC(=CC=C1C(CC(=O)O)CN)Cl,NCC(CC(=O)O)c1ccc(Cl)cc1,0.475820087926953,2957
EPINEPHRINE,CNCC(C1=CC(=C(C=C1)O)O)O,CNCC(O)c1ccc(O)c(O)c1,0.4342818428184282,2952
CANDESARTAN,CCOC1=NC2=CC=CC(=C2N1CC3=CC=C(C=C3)C4=CC=CC=C4C5=NNN=N5)C(=O)O,CCOc1nc2cccc(C(=O)O)c2n1Cc1ccc(-c2ccccc2-c2nn[nH]n2)cc1,0.5403389830508475,2950
TRASTUZUMAB,,,0.481277911370663,2911
OTEZLA,CCOC1=C(C=CC(=C1)C(CS(=O)(=O)C)N2C(=O)C3=C(C2=O)C(=CC=C3)NC(=O)C)OC,CCOc1cc(C(CS(C)(=O)=O)N2C(=O)c3cccc(NC(C)=O)c3C2=O)ccc1OC,0.6370267453977075,2879
SYNTHROID,C1=C(C=C(C(=C1I)OC2=CC(=C(C(=C2)I)O)I)I)CC(C(=O)[O-])N.[Na+],NC(Cc1cc(I)c(Oc2cc(I)c(O)c(I)c2)c(I)c1)C(=O)[O-].[Na+],0.39482879105520613,2862
DIAZEPAM,CN1C(=O)CN=C(C2=C1C=CC(=C2)Cl)C3=CC=CC=C3,CN1C(=O)CN=C(c2ccccc2)c2cc(Cl)ccc21,0.5499822127356813,2811
CHLORHEXIDINE,C1=CC(=CC=C1NC(=NC(=NCCCCCCN=C(N)N=C(N)NC2=CC=C(C=C2)Cl)N)N)Cl,NC(=NCCCCCCN=C(N)N=C(N)Nc1ccc(Cl)cc1)N=C(N)Nc1ccc(Cl)cc1,0.7342857142857143,2800
MIRTAZAPINE,CN1CCN2C(C1)C3=CC=CC=C3CC4=C2N=CC=C4,CN1CCN2c3ncccc3Cc3ccccc3C2C1,0.5134264232008593,2793
DICLOFENAC POTASSIUM,C1=CC=C(C(=C1)CC(=O)[O-])NC2=C(C=CC=C2Cl)Cl.[K+],O=C([O-])Cc1ccccc1Nc1c(Cl)cccc1Cl.[K+],0.7393177737881508,2785
TOPIRAMATE,CC1(OC2COC3(C(C2O1)OC(O3)(C)C)COS(=O)(=O)N)C,CC1(C)OC2COC3(COS(N)(=O)=O)OC(C)(C)OC3C2O1,0.46247755834829446,2785
LENVIMA,COC1=CC2=NC=CC(=C2C=C1C(=O)N)OC3=CC(=C(C=C3)NC(=O)NC4CC4)Cl.CS(=O)(=O)O,COc1cc2nccc(Oc3ccc(NC(=O)NC4CC4)c(Cl)c3)c2cc1C(N)=O.CS(=O)(=O)O,0.7240634005763689,2776
NAPROXEN SODIUM,CC(C1=CC2=C(C=C1)C=C(C=C2)OC)C(=O)[O-].[Na+],COc1ccc2cc(C(C)C(=O)[O-])ccc2c1.[Na+],0.7090252707581227,2770
DILTIAZEM HYDROCHLORIDE,CC(=O)OC1C(SC2=CC=CC=C2N(C1=O)CCN(C)C)C3=CC=C(C=C3)OC.Cl,COc1ccc(C2Sc3ccccc3N(CCN(C)C)C(=O)C2OC(C)=O)cc1.Cl,0.6324755346139905,2759
MAGNESIUM OXIDE,O=[Mg],[O]=[Mg],0.6102248005801305,2758
RISPERDAL,CC1=C(C(=O)N2CCCCC2=N1)CCN3CCC(CC3)C4=NOC5=C4C=CC(=C5)F,Cc1nc2n(c(=O)c1CCN1CCC(c3noc4cc(F)ccc34)CC1)CCCC2,0.5601162368325463,2753
AMITRIPTYLINE HYDROCHLORIDE,CN(C)CCC=C1C2=CC=CC=C2CCC3=CC=CC=C31.Cl,CN(C)CCC=C1c2ccccc2CCc2ccccc21.Cl,0.5825454545454546,2750
APIXABAN,COC1=CC=C(C=C1)N2C3=C(CCN(C3=O)C4=CC=C(C=C4)N5CCCCC5=O)C(=N2)C(=O)N,COc1ccc(-n2nc(C(N)=O)c3c2C(=O)N(c2ccc(N4CCCCC4=O)cc2)CC3)cc1,0.5592727272727273,2750
LOSARTAN,CCCCC1=NC(=C(N1CC2=CC=C(C=C2)C3=CC=CC=C3C4=NNN=N4)CO)Cl,CCCCc1nc(Cl)c(CO)n1Cc1ccc(-c2ccccc2-c2nn[nH]n2)cc1,0.4613983976693372,2746
DEXTROSE,C(C1C(C(C(C(O1)O)O)O)O)O,OCC1OC(O)C(O)C(O)C1O,0.6930656934306569,2740
ARIPIPRAZOLE,C1CC(=O)NC2=C1C=CC(=C2)OCCCCN3CCN(CC3)C4=C(C(=CC=C4)Cl)Cl,O=C1CCc2ccc(OCCCCN3CCN(c4cccc(Cl)c4Cl)CC3)cc2N1,0.4804530507855316,2737
VANCOMYCIN,CC1C(C(CC(O1)OC2C(C(C(OC2OC3=C4C=C5C=C3OC6=C(C=C(C=C6)C(C(C(=O)NC(C(=O)NC5C(=O)NC7C8=CC(=C(C=C8)O)C9=C(C=C(C=C9O)O)C(NC(=O)C(C(C1=CC(=C(O4)C=C1)Cl)O)NC7=O)C(=O)O)CC(=O)N)NC(=O)C(CC(C)C)NC)O)Cl)CO)O)O)(C)N)O,CNC(CC(C)C)C(=O)NC1C(=O)NC(CC(N)=O)C(=O)NC2C(=O)NC3C(=O)NC(C(=O)NC(C(=O)O)c4cc(O)cc(O)c4-c4cc3ccc4O)C(O)c3ccc(c(Cl)c3)Oc3cc2cc(c3OC2OC(CO)C(O)C(O)C2OC2CC(C)(N)C(O)C(C)O2)Oc2ccc(cc2Cl)C1O,0.6046766532700036,2737
KESIMPTA,,,0.2953216374269006,2736
VITAMIN D,,,0.42778390297684676,2721
ALPRAZOLAM,CC1=NN=C2N1C3=C(C=C(C=C3)Cl)C(=NC2)C4=CC=CC=C4,Cc1nnc2n1-c1ccc(Cl)cc1C(c1ccccc1)=NC2,0.5238447319778189,2705
FAMOTIDINE,C1=C(N=C(S1)N=C(N)N)CSCCC(=NS(=O)(=O)N)N,NC(N)=Nc1nc(CSCCC(N)=NS(N)(=O)=O)cs1,0.5062916358253146,2702
LIDOCAINE,CCN(CC)CC(=O)NC1=C(C=CC=C1C)C,CCN(CC)CC(=O)Nc1c(C)cccc1C,0.47888888888888886,2700
SYMBICORT,,,0.45037037037037037,2700
SINGULAIR,"CC(C)(C1=CC=CC=C1CCC(C2=CC=CC(=C2)C=CC3=NC4=C(C=CC(=C4)Cl)C=C3)SCC5(CC5)CC(=O)[O-])O.[Na+]
CC(C)(C1=CC=CC=C1CCC(C2=CC=CC(=C2)C=CC3=NC4=C(C=CC(=C4)Cl)C=C3)SCC5(CC5)CC(=O)O)O",CC(C)(O)c1ccccc1CCC(SCC1(CC(=O)[O-])CC1)c1cccc(C=Cc2ccc3ccc(Cl)cc3n2)c1.[Na+],0.42165984369184967,2687
CIPROFLOXACIN,C1CC1N2C=C(C(=O)C3=CC(=C(C=C32)N4CCNCC4)F)C(=O)O,O=C(O)c1cn(C2CC2)c2cc(N3CCNCC3)c(F)cc2c1=O,0.46795827123695977,2684
DILTIAZEM,CC(=O)OC1C(SC2=CC=CC=C2N(C1=O)CCN(C)C)C3=CC=C(C=C3)OC,COc1ccc(C2Sc3ccccc3N(CCN(C)C)C(=O)C2OC(C)=O)cc1,0.5792227204783259,2676
HYDROCODONE BITARTRATE\IBUPROFEN,,,0.16885061774616247,2671
DOCETAXEL,CC1=C2C(C(=O)C3(C(CC4C(C3C(C(C2(C)C)(CC1OC(=O)C(C(C5=CC=CC=C5)NC(=O)OC(C)(C)C)O)O)OC(=O)C6=CC=CC=C6)(CO4)OC(=O)C)O)C)O,CC(=O)OC12COC1CC(O)C1(C)C(=O)C(O)C3=C(C)C(OC(=O)C(O)C(NC(=O)OC(C)(C)C)c4ccccc4)CC(O)(C(OC(=O)c4ccccc4)C21)C3(C)C,0.4796686746987952,2656
ERGOCALCIFEROL,CC(C)C(C)C=CC(C)C1CCC2C1(CCCC2=CC=C3CC(CCC3=C)O)C,C=C1CCC(O)CC1=CC=C1CCCC2(C)C1CCC2C(C)C=CC(C)C(C)C,0.5474924012158054,2632
SPIRIVA,"C[N+]1(C2CC(CC1C3C2O3)OC(=O)C(C4=CC=CS4)(C5=CC=CS5)O)C.[Br-]
C[N+]1(C2CC(CC1C3C2O3)OC(=O)C(C4=CC=CS4)(C5=CC=CS5)O)C
C[N+]1(C2CC(CC1C3C2O3)OC(=O)C(C4=CC=CS4)(C5=CC=CS5)O)C.O.[Br-]",C[N+]1(C)C2CC(OC(=O)C(O)(c3cccs3)c3cccs3)CC1C1OC12.[Br-],0.5013302926643861,2631
TRAZODONE,C1CN(CCN1CCCN2C(=O)N3C=CC=CC3=N2)C4=CC(=CC=C4)Cl,O=c1n(CCCN2CCN(c3cccc(Cl)c3)CC2)nc2ccccn12,0.4802908534251818,2613
AMOXICILLIN,CC1(C(N2C(S1)C(C2=O)NC(=O)C(C3=CC=C(C=C3)O)N)C(=O)O)C,CC1(C)SC2C(NC(=O)C(N)c3ccc(O)cc3)C(=O)N2C1C(=O)O,0.45377503852080125,2596
MELATONIN,CC(=O)NCCC1=CNC2=C1C=C(C=C2)OC,COc1ccc2[nH]cc(CCNC(C)=O)c2c1,0.5501930501930502,2590
VENLAFAXINE,CN(C)CC(C1=CC=C(C=C1)OC)C2(CCCCC2)O,COc1ccc(C(CN(C)C)C2(O)CCCCC2)cc1,0.4879658385093168,2576
XARELTO,C1COCC(=O)N1C2=CC=C(C=C2)N3CC(OC3=O)CNC(=O)C4=CC=C(S4)Cl,O=C(NCC1CN(c2ccc(N3CCOCC3=O)cc2)C(=O)O1)c1ccc(Cl)s1,0.4892452092295659,2557
ATEZOLIZUMAB,,,0.5997652582159625,2556
SANDOSTATIN LAR DEPOT,CC(C1C(=O)NC(CSSCC(C(=O)NC(C(=O)NC(C(=O)NC(C(=O)N1)CCCCN)CC2=CNC3=CC=CC=C32)CC4=CC=CC=C4)NC(=O)C(CC5=CC=CC=C5)N)C(=O)NC(CO)C(C)O)O.CC(=O)O.CC(=O)O,CC(=O)O.CC(=O)O.CC(O)C(CO)NC(=O)C1CSSCC(NC(=O)C(N)Cc2ccccc2)C(=O)NC(Cc2ccccc2)C(=O)NC(Cc2c[nH]c3ccccc23)C(=O)NC(CCCCN)C(=O)NC(C(C)O)C(=O)N1,0.4533699059561129,2552
ESCITALOPRAM,CN(C)CCCC1(C2=C(CO1)C=C(C=C2)C#N)C3=CC=C(C=C3)F,CN(C)CCCC1(c2ccc(F)cc2)OCc2cc(C#N)ccc21,0.4858490566037736,2544
VALSARTAN,CCCCC(=O)N(CC1=CC=C(C=C1)C2=CC=CC=C2C3=NNN=N3)C(C(C)C)C(=O)O,CCCCC(=O)N(Cc1ccc(-c2ccccc2-c2nn[nH]n2)cc1)C(C(=O)O)C(C)C,0.5446287519747235,2532
QUETIAPINE FUMARATE,C1CN(CCN1CCOCCO)C2=NC3=CC=CC=C3SC4=CC=CC=C42.C1CN(CCN1CCOCCO)C2=NC3=CC=CC=C3SC4=CC=CC=C42.C(=CC(=O)O)C(=O)O,O=C(O)C=CC(=O)O.OCCOCCN1CCN(C2=Nc3ccccc3Sc3ccccc32)CC1.OCCOCCN1CCN(C2=Nc3ccccc3Sc3ccccc32)CC1,0.574831282254863,2519
IMBRUVICA,C=CC(=O)N1CCCC(C1)N2C3=NC=NC(=C3C(=N2)C4=CC=C(C=C4)OC5=CC=CC=C5)N,C=CC(=O)N1CCCC(n2nc(-c3ccc(Oc4ccccc4)cc3)c3c(N)ncnc32)C1,0.4805401111993646,2518
OXAZEPAM,C1=CC=C(C=C1)C2=NC(C(=O)NC3=C2C=C(C=C3)Cl)O,O=C1Nc2ccc(Cl)cc2C(c2ccccc2)=NC1O,0.6263910969793323,2516
AVONEX,,,0.530091669988043,2509
CELECOXIB,CC1=CC=C(C=C1)C2=CC(=NN2C3=CC=C(C=C3)S(=O)(=O)N)C(F)(F)F,Cc1ccc(-c2cc(C(F)(F)F)nn2-c2ccc(S(N)(=O)=O)cc2)cc1,0.6144626448262086,2503
FLUMETHASONE PIVALATE,CC1CC2C3CC(C4=CC(=O)C=CC4(C3(C(CC2(C1(C(=O)COC(=O)C(C)(C)C)O)C)O)F)C)F,CC1CC2C3CC(F)C4=CC(=O)C=CC4(C)C3(F)C(O)CC2(C)C1(O)C(=O)COC(=O)C(C)(C)C,0.7215544871794872,2496
AZACITIDINE,C1=NC(=NC(=O)N1C2C(C(C(O2)CO)O)O)N,Nc1ncn(C2OC(CO)C(O)C2O)c(=O)n1,0.6206202174788562,2483
ADVAIR HFA,CCC(=O)OC1(C(CC2C1(CC(C3(C2CC(C4=CC(=O)C=CC43C)F)F)O)C)C)C(=O)SCF.C1=CC=C(C=C1)CCCCOCCCCCCNCC(C2=CC(=C(C=C2)O)CO)O,CCC(=O)OC1(C(=O)SCF)C(C)CC2C3CC(F)C4=CC(=O)C=CC4(C)C3(F)C(O)CC21C.OCc1cc(C(O)CNCCCCCCOCCCCc2ccccc2)ccc1O,0.31910569105691056,2460
DARATUMUMAB,,,0.4788273615635179,2456
OPANA ER,CN1CCC23C4C(=O)CCC2(C1CC5=C3C(=C(C=C5)O)O4)O.Cl,CN1CCC23c4c5ccc(O)c4OC2C(=O)CCC3(O)C1C5.Cl,0.13121434392828035,2454
CLOPIDOGREL,COC(=O)C(C1=CC=CC=C1Cl)N2CCC3=C(C2)C=CS3,COC(=O)C(c1ccccc1Cl)N1CCc2sccc2C1,0.5107794361525705,2412
OPANA,"CN1CCC23C4C(=O)CCC2(C1CC5=C3C(=C(C=C5)O)O4)O.Cl
CN1CCC23C4C(=O)CCC2(C1CC5=C3C(=C(C=C5)O)O4)O",CN1CCC23c4c5ccc(O)c4OC2C(=O)CCC3(O)C1C5.Cl,0.1367983367983368,2405
LASIX,C1=COC(=C1)CNC2=CC(=C(C=C2C(=O)O)S(=O)(=O)N)Cl,NS(=O)(=O)c1cc(C(=O)O)c(NCc2ccco2)cc1Cl,0.5430962343096234,2390
CARVEDILOL,COC1=CC=CC=C1OCCNCC(COC2=CC=CC3=C2C4=CC=CC=C4N3)O,COc1ccccc1OCCNCC(O)COc1cccc2[nH]c3ccccc3c12,0.5243084660519698,2386
XELJANZ XR,CC1CCN(CC1N(C)C2=NC=NC3=C2C=CN3)C(=O)CC#N.C(C(=O)O)C(CC(=O)O)(C(=O)O)O,CC1CCN(C(=O)CC#N)CC1N(C)c1ncnc2[nH]ccc12.O=C(O)CC(O)(CC(=O)O)C(=O)O,0.26229508196721313,2379
BORTEZOMIB,B(C(CC(C)C)NC(=O)C(CC1=CC=CC=C1)NC(=O)C2=NC=CN=C2)(O)O,CC(C)CC(NC(=O)C(Cc1ccccc1)NC(=O)c1cnccn1)B(O)O,0.4654882154882155,2376
REMODULIN,"CCCCCC(CCC1C(CC2C1CC3=C(C2)C(=CC=C3)OCC(=O)[O-])O)O.[Na+]
CCCCCC(CCC1C(CC2C1CC3=C(C2)C(=CC=C3)OCC(=O)O)O)O
CCCCCC(CCC1C(CC2C1CC3=C(C2)C(=CC=C3)OCC(=O)O)O)O.[Na]
CCCCCC(CCC1C(CC2C1CC3=C(C2)C(=CC=C3)OCC(=O)[O-])O)O",CCCCCC(O)CCC1C(O)CC2Cc3c(cccc3OCC(=O)[O-])CC21.[Na+],0.55255382017729,2369
FLUCONAZOLE,C1=CC(=C(C=C1F)F)C(CN2C=NC=N2)(CN3C=NC=N3)O,OC(Cn1cncn1)(Cn1cncn1)c1ccc(F)cc1F,0.522572402044293,2348
DOXYCYCLINE,CC1C2C(C3C(C(=O)C(=C(C3(C(=O)C2=C(C4=C1C=CC=C4O)O)O)O)C(=O)N)N(C)C)O,CC1c2cccc(O)c2C(O)=C2C(=O)C3(O)C(O)=C(C(N)=O)C(=O)C(N(C)C)C3C(O)C21,0.5315699658703071,2344
HALOPERIDOL,C1CN(CCC1(C2=CC=C(C=C2)Cl)O)CCCC(=O)C3=CC=C(C=C3)F,O=C(CCCN1CCC(O)(c2ccc(Cl)cc2)CC1)c1ccc(F)cc1,0.6124731182795699,2325
LENVATINIB MESYLATE,COC1=CC2=NC=CC(=C2C=C1C(=O)N)OC3=CC(=C(C=C3)NC(=O)NC4CC4)Cl.CS(=O)(=O)O,COc1cc2nccc(Oc3ccc(NC(=O)NC4CC4)c(Cl)c3)c2cc1C(N)=O.CS(=O)(=O)O,0.4321041214750542,2305
CAPECITABINE,CCCCCOC(=O)NC1=NC(=O)N(C=C1F)C2C(C(C(O2)C)O)O,CCCCCOC(=O)Nc1nc(=O)n(C2OC(C)C(O)C2O)cc1F,0.5184862983906046,2299
GOLIMUMAB,,,0.6841186736474695,2292
PALBOCICLIB,CC1=C(C(=O)N(C2=NC(=NC=C12)NC3=NC=C(C=C3)N4CCNCC4)C5CCCC5)C(=O)C,CC(=O)c1c(C)c2cnc(Nc3ccc(N4CCNCC4)cn3)nc2n(C2CCCC2)c1=O,0.3931064572425829,2292
MEROPENEM,CC1C2C(C(=O)N2C(=C1SC3CC(NC3)C(=O)N(C)C)C(=O)O)C(C)O,CC(O)C1C(=O)N2C(C(=O)O)=C(SC3CNC(C(=O)N(C)C)C3)C(C)C12,0.5989492119089317,2284
ATROVENT,"CC(C)[N+]1(C2CCC1CC(C2)OC(=O)C(CO)C3=CC=CC=C3)C.[Br-]
CC(C)[N+]1(C2CCC1CC(C2)OC(=O)C(CO)C3=CC=CC=C3)C.O.[Br-]",CC(C)[N+]1(C)C2CCC1CC(OC(=O)C(CO)c1ccccc1)C2.[Br-],0.6330556773345024,2281
ETANERCEPT,,,0.5675318961724594,2273
TAMSULOSIN,CCOC1=CC=CC=C1OCCNC(C)CC2=CC(=C(C=C2)OC)S(=O)(=O)N,CCOc1ccccc1OCCNC(C)Cc1ccc(OC)c(S(N)(=O)=O)c1,0.516629711751663,2255
ENTYVIO,,,0.3540734109221128,2234
NIVOLUMAB,,,0.41229250785105426,2229
ARANESP,,,0.7653429602888087,2216
CODEINE,CN1CCC23C4C1CC5=C2C(=C(C=C5)OC)OC3C(C=C4)O,COc1ccc2c3c1OC1C(O)C=CC4C(C2)N(C)CCC341,0.5493212669683258,2210
ESOMEPRAZOLE,CC1=CN=C(C(=C1OC)C)CS(=O)C2=NC3=C(N2)C=C(C=C3)OC,COc1ccc2nc(S(=O)Cc3ncc(C)c(OC)c3C)[nH]c2c1,0.5509090909090909,2200
OXYGEN,O=O,O=O,0.5521640091116173,2195
CITALOPRAM,CN(C)CCCC1(C2=C(CO1)C=C(C=C2)C#N)C3=CC=C(C=C3)F,CN(C)CCCC1(c2ccc(F)cc2)OCc2cc(C#N)ccc21,0.4606946983546618,2188
ATORVASTATIN CALCIUM,CC(C)C1=C(C(=C(N1CCC(CC(CC(=O)[O-])O)O)C2=CC=C(C=C2)F)C3=CC=CC=C3)C(=O)NC4=CC=CC=C4.CC(C)C1=C(C(=C(N1CCC(CC(CC(=O)[O-])O)O)C2=CC=C(C=C2)F)C3=CC=CC=C3)C(=O)NC4=CC=CC=C4.[Ca+2],CC(C)c1c(C(=O)Nc2ccccc2)c(-c2ccccc2)c(-c2ccc(F)cc2)n1CCC(O)CC(O)CC(=O)[O-].CC(C)c1c(C(=O)Nc2ccccc2)c(-c2ccccc2)c(-c2ccc(F)cc2)n1CCC(O)CC(O)CC(=O)[O-].[Ca+2],0.5032198712051518,2174
ZEJULA,CC1=CC=C(C=C1)S(=O)(=O)O.C1CC(CNC1)C2=CC=C(C=C2)N3C=C4C=CC=C(C4=N3)C(=O)N,Cc1ccc(S(=O)(=O)O)cc1.NC(=O)c1cccc2cn(-c3ccc(C4CCCNC4)cc3)nc12,0.3162511542012927,2166
FULVESTRANT,CC12CCC3C(C1CCC2O)C(CC4=C3C=CC(=C4)O)CCCCCCCCCS(=O)CCCC(C(F)(F)F)(F)F,CC12CCC3c4ccc(O)cc4CC(CCCCCCCCCS(=O)CCCC(F)(F)C(F)(F)F)C3C1CCC2O,0.36490900606626225,2143
OZEMPIC,CCC(C)C(C(=O)NC(C)C(=O)NC(CC1=CNC2=CC=CC=C21)C(=O)NC(CC(C)C)C(=O)NC(C(C)C)C(=O)NC(CCCNC(=N)N)C(=O)NCC(=O)NC(CCCNC(=N)N)C(=O)NCC(=O)O)NC(=O)C(CC3=CC=CC=C3)NC(=O)C(CCC(=O)O)NC(=O)C(CCCCNC(=O)COCCOCCNC(=O)COCCOCCNC(=O)CCC(C(=O)O)NC(=O)CCCCCCCCCCCCCCCCC(=O)O)NC(=O)C(C)NC(=O)C(C)NC(=O)C(CCC(=O)N)NC(=O)CNC(=O)C(CCC(=O)O)NC(=O)C(CC(C)C)NC(=O)C(CC4=CC=C(C=C4)O)NC(=O)C(CO)NC(=O)C(CO)NC(=O)C(C(C)C)NC(=O)C(CC(=O)O)NC(=O)C(CO)NC(=O)C(C(C)O)NC(=O)C(CC5=CC=CC=C5)NC(=O)C(C(C)O)NC(=O)CNC(=O)C(CCC(=O)O)NC(=O)C(C)(C)NC(=O)C(CC6=CN=CN6)N,CCC(C)C(NC(=O)C(Cc1ccccc1)NC(=O)C(CCC(=O)O)NC(=O)C(CCCCNC(=O)COCCOCCNC(=O)COCCOCCNC(=O)CCC(NC(=O)CCCCCCCCCCCCCCCCC(=O)O)C(=O)O)NC(=O)C(C)NC(=O)C(C)NC(=O)C(CCC(N)=O)NC(=O)CNC(=O)C(CCC(=O)O)NC(=O)C(CC(C)C)NC(=O)C(Cc1ccc(O)cc1)NC(=O)C(CO)NC(=O)C(CO)NC(=O)C(NC(=O)C(CC(=O)O)NC(=O)C(CO)NC(=O)C(NC(=O)C(Cc1ccccc1)NC(=O)C(NC(=O)CNC(=O)C(CCC(=O)O)NC(=O)C(C)(C)NC(=O)C(N)Cc1cnc[nH]1)C(C)O)C(C)O)C(C)C)C(=O)NC(C)C(=O)NC(Cc1c[nH]c2ccccc12)C(=O)NC(CC(C)C)C(=O)NC(C(=O)NC(CCCNC(=N)N)C(=O)NCC(=O)NC(CCCNC(=N)N)C(=O)NCC(=O)O)C(C)C,0.4102196752626552,2094
METOCLOPRAMIDE,CCN(CC)CCNC(=O)C1=CC(=C(C=C1OC)N)Cl,CCN(CC)CCNC(=O)c1cc(Cl)c(N)cc1OC,0.5825710158883004,2077
IDURSULFASE,,,0.4602026049204052,2073
RANITIDINE HYDROCHLORIDE,CNC(=C[N+](=O)[O-])NCCSCC1=CC=C(O1)CN(C)C.Cl,CNC(=C[N+](=O)[O-])NCCSCc1ccc(CN(C)C)o1.Cl,0.15332362930616206,2061
FLUOXETINE,CNCCC(C1=CC=CC=C1)OC2=CC=C(C=C2)C(F)(F)F,CNCCC(Oc1ccc(C(F)(F)F)cc1)c1ccccc1,0.4789833822091887,2046
YERVOY,,,0.47038668624571706,2043
DAPAGLIFLOZIN,CCOC1=CC=C(C=C1)CC2=C(C=CC(=C2)C3C(C(C(C(O3)CO)O)O)O)Cl,CCOc1ccc(Cc2cc(C3OC(CO)C(O)C(O)C3O)ccc2Cl)cc1,0.5242766061794998,2039
DULOXETINE,CNCCC(C1=CC=CS1)OC2=CC=CC3=CC=CC=C32,CNCCC(Oc1cccc2ccccc12)c1cccs1,0.45115365733922436,2037
GEMCITABINE,C1=CN(C(=O)N=C1N)C2C(C(C(O2)CO)O)(F)F,Nc1ccn(C2OC(CO)C(O)C2(F)F)c(=O)n1,0.4548133595284872,2036
BUPROPION,CC(C(=O)C1=CC(=CC=C1)Cl)NC(C)(C)C,CC(NC(C)(C)C)C(=O)c1cccc(Cl)c1,0.5104166666666666,2016
BENADRYL,CN(C)CCOC(C1=CC=CC=C1)C2=CC=CC=C2,CN(C)CCOC(c1ccccc1)c1ccccc1,0.37835153922542203,2014
UNSPECIFIED INGREDIENT,,,0.4823646299056135,2013
POMALYST,C1CC(=O)NC(=O)C1N2C(=O)C3=C(C2=O)C(=CC=C3)N,Nc1cccc2c1C(=O)N(C1CCC(=O)NC1=O)C2=O,0.3961232604373757,2012
EPCORITAMAB,,,0.6970602889885401,2007
POLYETHYLENE GLYCOLS,,,0.6433915211970075,2005
GLUCOSAMINE,C(C1C(C(C(C(O1)O)N)O)O)O,NC1C(O)OC(CO)C(O)C1O,0.6745951417004049,1976
PIPERACILLIN SODIUM\TAZOBACTAM SODIUM,,,0.6239229599594526,1973
IRON,[Fe],[Fe],0.3891149542217701,1966
BISACODYL,CC(=O)OC1=CC=C(C=C1)C(C2=CC=C(C=C2)OC(=O)C)C3=CC=CC=N3,CC(=O)Oc1ccc(C(c2ccc(OC(C)=O)cc2)c2ccccn2)cc1,0.6811224489795918,1960
BUPRENORPHINE HYDROCHLORIDE,CC(C)(C)C(C)(C1CC23CCC1(C4C25CCN(C3CC6=C5C(=C(C=C6)O)O4)CC7CC7)OC)O.Cl,COC12CCC3(CC1C(C)(O)C(C)(C)C)C1Cc4ccc(O)c5c4C3(CCN1CC1CC1)C2O5.Cl,0.13490035769034237,1957
TRUVADA,CC(CN1C=NC2=C(N=CN=C21)N)OCP(=O)(O)O,CC(Cn1cnc2c(N)ncnc21)OCP(=O)(O)O,0.18363171355498722,1955
MONTELUKAST,CC(C)(C1=CC=CC=C1CCC(C2=CC=CC(=C2)C=CC3=NC4=C(C=CC(=C4)Cl)C=C3)SCC5(CC5)CC(=O)O)O,CC(C)(O)c1ccccc1CCC(SCC1(CC(=O)O)CC1)c1cccc(C=Cc2ccc3ccc(Cl)cc3n2)c1,0.43807574206755373,1954
VITAMINS,,,0.4635523613963039,1948
TORSEMIDE,CC1=CC(=CC=C1)NC2=C(C=NC=C2)S(=O)(=O)NC(=O)NC(C)C,Cc1cccc(Nc2ccncc2S(=O)(=O)NC(=O)NC(C)C)c1,0.5598971722365038,1945
INSULIN NOS,,,0.5147286821705427,1935
AMIODARONE,CCCCC1=C(C2=CC=CC=C2O1)C(=O)C3=CC(=C(C(=C3)I)OCCN(CC)CC)I,CCCCc1oc2ccccc2c1C(=O)c1cc(I)c(OCCN(CC)CC)c(I)c1,0.6356107660455487,1932
JARDIANCE,C1COCC1OC2=CC=C(C=C2)CC3=C(C=CC(=C3)C4C(C(C(C(O4)CO)O)O)O)Cl,OCC1OC(c2ccc(Cl)c(Cc3ccc(OC4CCOC4)cc3)c2)C(O)C(O)C1O,0.5461658841940532,1917
EZETIMIBE,C1=CC(=CC=C1C2C(C(=O)N2C3=CC=C(C=C3)F)CCC(C4=CC=C(C=C4)F)O)O,O=C1C(CCC(O)c2ccc(F)cc2)C(c2ccc(O)cc2)N1c1ccc(F)cc1,0.4482758620689655,1914
TOPICORT,CC1CC2C3CCC4=CC(=O)C=CC4(C3(C(CC2(C1C(=O)CO)C)O)F)C,CC1CC2C3CCC4=CC(=O)C=CC4(C)C3(F)C(O)CC2(C)C1C(=O)CO,0.7332285115303984,1908
BACTRIM,CC1=CC(=NO1)NS(=O)(=O)C2=CC=C(C=C2)N,Cc1cc(NS(=O)(=O)c2ccc(N)cc2)no1,0.5696937697993664,1894
CYMBALTA,CNCCC(C1=CC=CS1)OC2=CC=CC3=CC=CC=C32.Cl,CNCCC(Oc1cccc2ccccc12)c1cccs1.Cl,0.29546666666666666,1875
LOPERAMIDE,CN(C)C(=O)C(CCN1CCC(CC1)(C2=CC=C(C=C2)Cl)O)(C3=CC=CC=C3)C4=CC=CC=C4,CN(C)C(=O)C(CCN1CCC(O)(c2ccc(Cl)cc2)CC1)(c1ccccc1)c1ccccc1,0.5576407506702413,1865
BISOPROLOL FUMARATE,CC(C)NCC(COC1=CC=C(C=C1)COCCOC(C)C)O.CC(C)NCC(COC1=CC=C(C=C1)COCCOC(C)C)O.C(=CC(=O)O)C(=O)O,CC(C)NCC(O)COc1ccc(COCCOC(C)C)cc1.CC(C)NCC(O)COc1ccc(COCCOC(C)C)cc1.O=C(O)C=CC(=O)O,0.5760343901128425,1861
TRIAMCINOLONE ACETONIDE,CC1(OC2CC3C4CCC5=CC(=O)C=CC5(C4(C(CC3(C2(O1)C(=O)CO)C)O)F)C)C,CC1(C)OC2CC3C4CCC5=CC(=O)C=CC5(C)C4(F)C(O)CC3(C)C2(C(=O)CO)O1,0.555077915099409,1861
LACTULOSE,C(C1C(C(C(C(O1)OC2C(OC(C2O)(CO)O)CO)O)O)O)O,OCC1OC(OC2C(CO)OC(O)(CO)C2O)C(O)C(O)C1O,0.6244588744588745,1848
TYVASO DPI,CCCCCC(CCC1C(CC2C1CC3=C(C2)C(=CC=C3)OCC(=O)O)O)O,CCCCCC(O)CCC1C(O)CC2Cc3c(cccc3OCC(=O)O)CC21,0.46471226927252984,1842
METHYLPREDNISOLONE SODIUM SUCCINATE,CC1CC2C3CCC(C3(CC(C2C4(C1=CC(=O)C=C4)C)O)C)(C(=O)COC(=O)CCC(=O)[O-])O.[Na+],CC1CC2C(C(O)CC3(C)C2CCC3(O)C(=O)COC(=O)CCC(=O)[O-])C2(C)C=CC(=O)C=C12.[Na+],0.546644844517185,1833
TREPROSTINIL,CCCCCC(CCC1C(CC2C1CC3=C(C2)C(=CC=C3)OCC(=O)O)O)O,CCCCCC(O)CCC1C(O)CC2Cc3c(cccc3OCC(=O)O)CC21,0.5386725178277565,1823
FILGRASTIM,,,0.5828759604829857,1822
FISH OIL,,,0.528021978021978,1820
DOXORUBICIN HYDROCHLORIDE,CC1C(C(CC(O1)OC2CC(CC3=C2C(=C4C(=C3O)C(=O)C5=C(C4=O)C(=CC=C5)OC)O)(C(=O)CO)O)N)O.Cl,COc1cccc2c1C(=O)c1c(O)c3c(c(O)c1C2=O)CC(O)(C(=O)CO)CC3OC1CC(N)C(O)C(C)O1.Cl,0.47220693450742984,1817
CHLORHEXIDINE GLUCONATE,C1=CC(=CC=C1NC(=NC(=NCCCCCCN=C(N)N=C(N)NC2=CC=C(C=C2)Cl)N)N)Cl.C(C(C(C(C(C(=O)O)O)O)O)O)O.C(C(C(C(C(C(=O)O)O)O)O)O)O,NC(=NCCCCCCN=C(N)N=C(N)Nc1ccc(Cl)cc1)N=C(N)Nc1ccc(Cl)cc1.O=C(O)C(O)C(O)C(O)C(O)CO.O=C(O)C(O)C(O)C(O)C(O)CO,0.7274229074889867,1816
VENTOLIN,"CC(C)(C)NCC(C1=CC(=C(C=C1)O)CO)O
CC(C)(C)NCC(C1=CC(=C(C=C1)O)CO)O.CC(C)(C)NCC(C1=CC(=C(C=C1)O)CO)O.OS(=O)(=O)O
CC(C)(C)NCC(C1=CC(=C(C=C1)O)CO)O.OS(=O)(=O)O",CC(C)(C)NCC(O)c1ccc(O)c(CO)c1,0.3937224669603524,1816
ISATUXIMAB,,,0.6461794019933554,1806
FLUTICASONE PROPIONATE,CCC(=O)OC1(C(CC2C1(CC(C3(C2CC(C4=CC(=O)C=CC43C)F)F)O)C)C)C(=O)SCF,CCC(=O)OC1(C(=O)SCF)C(C)CC2C3CC(F)C4=CC(=O)C=CC4(C)C3(F)C(O)CC21C,0.3532033426183844,1795
CEFTRIAXONE,CN1C(=NC(=O)C(=O)N1)SCC2=C(N3C(C(C3=O)NC(=O)C(=NOC)C4=CSC(=N4)N)SC2)C(=O)O,CON=C(C(=O)NC1C(=O)N2C(C(=O)O)=C(CSc3nc(=O)c(=O)[nH]n3C)CSC12)c1csc(N)n1,0.6104260089686099,1784
VALACYCLOVIR HYDROCHLORIDE,CC(C)C(C(=O)OCCOCN1C=NC2=C1N=C(NC2=O)N)N.Cl,CC(C)C(N)C(=O)OCCOCn1cnc2c(=O)[nH]c(N)nc21.Cl,0.5937853107344633,1770
UPTRAVI,CC(C)N(CCCCOCC(=O)NS(=O)(=O)C)C1=CN=C(C(=N1)C2=CC=CC=C2)C3=CC=CC=C3,CC(C)N(CCCCOCC(=O)NS(C)(=O)=O)c1cnc(-c2ccccc2)c(-c2ccccc2)n1,0.6966101694915254,1770
LIPITOR,"CC(C)C1=C(C(=C(N1CCC(CC(CC(=O)[O-])O)O)C2=CC=C(C=C2)F)C3=CC=CC=C3)C(=O)NC4=CC=CC=C4.CC(C)C1=C(C(=C(N1CCC(CC(CC(=O)[O-])O)O)C2=CC=C(C=C2)F)C3=CC=CC=C3)C(=O)NC4=CC=CC=C4.[Ca+2]
CC(C)C1=C(C(=C(N1CCC(CC(CC(=O)O)O)O)C2=CC=C(C=C2)F)C3=CC=CC=C3)C(=O)NC4=CC=CC=C4
CC(C)C1=C(C(=C(N1CCC(CC(CC(=O)[O-])O)O)C2=CC=C(C=C2)F)C3=CC=CC=C3)C(=O)NC4=CC=CC=C4.[Ca+2]",CC(C)c1c(C(=O)Nc2ccccc2)c(-c2ccccc2)c(-c2ccc(F)cc2)n1CCC(O)CC(O)CC(=O)[O-].CC(C)c1c(C(=O)Nc2ccccc2)c(-c2ccccc2)c(-c2ccc(F)cc2)n1CCC(O)CC(O)CC(=O)[O-].[Ca+2],0.4481586402266289,1765
ENHERTU,,,0.6691218130311615,1765
APREMILAST,CCOC1=C(C=CC(=C1)C(CS(=O)(=O)C)N2C(=O)C3=C(C2=O)C(=CC=C3)NC(=O)C)OC,CCOc1cc(C(CS(C)(=O)=O)N2C(=O)c3cccc(NC(C)=O)c3C2=O)ccc1OC,0.6933106575963719,1764
CLONIDINE,C1CN=C(N1)NC2=C(C=CC=C2Cl)Cl,Clc1cccc(Cl)c1NC1=NCCN1,0.47440273037542663,1758
LEUCOVORIN,C1C(N(C2=C(N1)N=C(NC2=O)N)C=O)CNC3=CC=C(C=C3)C(=O)NC(CCC(=O)O)C(=O)O,Nc1nc2c(c(=O)[nH]1)N(C=O)C(CNc1ccc(C(=O)NC(CCC(=O)O)C(=O)O)cc1)CN2,0.5578347578347579,1755
PROPOFOL,CC(C)C1=C(C(=CC=C1)C(C)C)O,CC(C)c1cccc(C(C)C)c1O,0.5904164289788933,1753
METOPROLOL SUCCINATE,CC(C)NCC(COC1=CC=C(C=C1)CCOC)O.CC(C)NCC(COC1=CC=C(C=C1)CCOC)O.C(CC(=O)O)C(=O)O,COCCc1ccc(OCC(O)CNC(C)C)cc1.COCCc1ccc(OCC(O)CNC(C)C)cc1.O=C(O)CCC(=O)O,0.5034246575342466,1752
PERIOGARD,C1=CC(=CC=C1NC(=NC(=NCCCCCCN=C(N)N=C(N)NC2=CC=C(C=C2)Cl)N)N)Cl.C(C(C(C(C(C(=O)O)O)O)O)O)O.C(C(C(C(C(C(=O)O)O)O)O)O)O,NC(=NCCCCCCN=C(N)N=C(N)Nc1ccc(Cl)cc1)N=C(N)Nc1ccc(Cl)cc1.O=C(O)C(O)C(O)C(O)C(O)CO.O=C(O)C(O)C(O)C(O)C(O)CO,0.7327586206896551,1740
ZOFRAN,CC1=NC=CN1CC2CCC3=C(C2=O)C4=CC=CC=C4N3C.O.O.Cl,Cc1nccn1CC1CCc2c(c3ccccc3n2C)C1=O.Cl.O.O,0.5150462962962963,1728
HEPARIN,,,0.5274532710280374,1712
HUMAN IMMUNOGLOBULIN G\HYALURONIDASE RECOMBINANT HUMAN,,,0.4114552893045003,1711
LANADELUMAB,,,0.4830409356725146,1710
ENOXAPARIN SODIUM,,,0.572599531615925,1708
LITHIUM,[Li],[Li],0.5778038755137992,1703
WARFARIN,CC(=O)CC(C1=CC=CC=C1)C2=C(C3=CC=CC=C3OC2=O)O,CC(=O)CC(c1ccccc1)c1c(O)c2ccccc2oc1=O,0.5826957033549146,1699
IPRATROPIUM BROMIDE,"CC(C)[N+]1(C2CCC1CC(C2)OC(=O)C(CO)C3=CC=CC=C3)C.[Br-]
CC(C)[N+]1(C2CCC1CC(C2)OC(=O)C(CO)C3=CC=CC=C3)C.[Br-]
CC(C)[N+]1(C2CCC1CC(C2)OC(=O)C(CO)C3=CC=CC=C3)C.[Br-]
CC(C)[N+]1(C2CCC1CC(C2)OC(=O)C(CO)C3=CC=CC=C3)C.[Br-]
CC(C)[N+]1(C2CCC1CC(C2)OC(=O)C(CO)C3=CC=CC=C3)C.[Br-]
CC(C)[N+]1(C2CCC1CC(C2)OC(=O)C(CO)C3=CC=CC=C3)C.[Br-]
CC(C)[N+]1(C2CCC1CC(C2)OC(=O)C(CO)C3=CC=CC=C3)C.[Br-]",CC(C)[N+]1(C)C2CCC1CC(OC(=O)C(CO)c1ccccc1)C2.[Br-],0.7136953955135773,1694
NUCALA,,,0.5103489059727971,1691
OXYCONTIN,"CN1CCC23C4C(=O)CCC2(C1CC5=C3C(=C(C=C5)OC)O4)O
CN1CCC23C4C(=O)CCC2(C1CC5=C3C(=C(C=C5)OC)O4)O.Cl",COc1ccc2c3c1OC1C(=O)CCC4(O)C(C2)N(C)CCC314,0.32147093712930014,1686
PERINDOPRIL,CCCC(C(=O)OCC)NC(C)C(=O)N1C2CCCCC2CC1C(=O)O,CCCC(NC(C)C(=O)N1C(C(=O)O)CC2CCCCC21)C(=O)OCC,0.4592988710635769,1683
LAMICTAL,C1=CC(=C(C(=C1)Cl)Cl)C2=C(N=C(N=N2)N)N,Nc1nnc(-c2cccc(Cl)c2Cl)c(N)n1,0.5166468489892985,1682
MELOXICAM,CC1=CN=C(S1)NC(=O)C2=C(C3=CC=CC=C3S(=O)(=O)N2C)O,Cc1cnc(NC(=O)C2=C(O)c3ccccc3S(=O)(=O)N2C)s1,0.5125148986889154,1678
FERROUS SULFATE,[O-]S(=O)(=O)[O-].[Fe+2],O=S(=O)([O-])[O-].[Fe+2],0.4919499105545617,1677
ELTROMBOPAG OLAMINE,CC1=C(C=C(C=C1)N2C(=O)C(=C(N2)C)N=NC3=CC=CC(=C3O)C4=CC(=CC=C4)C(=O)O)C.C(CO)N.C(CO)N,Cc1ccc(-n2[nH]c(C)c(N=Nc3cccc(-c4cccc(C(=O)O)c4)c3O)c2=O)cc1C.NCCO.NCCO,0.5742397137745975,1677
ACEBUTOLOL HYDROCHLORIDE,CCCC(=O)NC1=CC(=C(C=C1)OCC(CNC(C)C)O)C(=O)C.Cl,CCCC(=O)Nc1ccc(OCC(O)CNC(C)C)c(C(C)=O)c1.Cl,0.6550480769230769,1664
ATENOLOL,CC(C)NCC(COC1=CC=C(C=C1)CC(=O)N)O,CC(C)NCC(O)COc1ccc(CC(N)=O)cc1,0.48945147679324896,1659
USTEKINUMAB,,,0.6182147165259348,1658
PANTOPRAZOLE MAGNESIUM,COC1=C(C(=NC=C1)CS(=O)C2=NC3=C([N-]2)C=CC(=C3)OC(F)F)OC.COC1=C(C(=NC=C1)CS(=O)C2=NC3=C([N-]2)C=CC(=C3)OC(F)F)OC.[Mg+2],COc1ccnc(CS(=O)c2nc3cc(OC(F)F)ccc3[n-]2)c1OC.COc1ccnc(CS(=O)c2nc3cc(OC(F)F)ccc3[n-]2)c1OC.[Mg+2],0.4348894348894349,1628
SOLU-MEDROL,"CC1CC2C3CCC(C3(CC(C2C4(C1=CC(=O)C=C4)C)O)C)(C(=O)COC(=O)CCC(=O)[O-])O.[Na+]
CC1CC2C3CCC(C3(CC(C2C4(C1=CC(=O)C=C4)C)O)C)(C(=O)COC(=O)CCC(=O)O)O.[Na+]",CC1CC2C(C(O)CC3(C)C2CCC3(O)C(=O)COC(=O)CCC(=O)[O-])C2(C)C=CC(=O)C=C12.[Na+],0.5645460160592959,1619
RISEDRONATE SODIUM,C1=CC(=CN=C1)CC(O)(P(=O)(O)O)P(=O)(O)[O-].[Na+],O=P([O-])(O)C(O)(Cc1cccnc1)P(=O)(O)O.[Na+],0.5499689633767846,1611
KEVZARA,,,0.6426351771286514,1609
ILARIS,,,0.4652908067542214,1599
ATIVAN,C1=CC=C(C(=C1)C2=NC(C(=O)NC3=C2C=C(C=C3)Cl)O)Cl,O=C1Nc2ccc(Cl)cc2C(c2ccccc2Cl)=NC1O,0.6007509386733417,1598
PEMETREXED,C1=CC(=CC=C1CCC2=CNC3=C2C(=O)NC(=N3)N)C(=O)NC(CCC(=O)O)C(=O)O,Nc1nc2[nH]cc(CCc3ccc(C(=O)NC(CCC(=O)O)C(=O)O)cc3)c2c(=O)[nH]1,0.46616541353383456,1596
PREVACID,CC1=C(C=CN=C1CS(=O)C2=NC3=CC=CC=C3N2)OCC(F)(F)F,Cc1c(OCC(F)(F)F)ccnc1CS(=O)c1nc2ccccc2[nH]1,0.5902160101651842,1574
RANITIDINE,CNC(=C[N+](=O)[O-])NCCSCC1=CC=C(O1)CN(C)C,CNC(=C[N+](=O)[O-])NCCSCc1ccc(CN(C)C)o1,0.5064020486555698,1562
DICLOFENAC DIETHYLAMINE,CCNCC.C1=CC=C(C(=C1)CC(=O)O)NC2=C(C=CC=C2Cl)Cl,CCNCC.O=C(O)Cc1ccccc1Nc1c(Cl)cccc1Cl,0.6568123393316195,1556
OXYCODONE TEREPHTHALATE,CN1CCC23C4C(=O)CCC2(C1CC5=C3C(=C(C=C5)OC)O4)O.CN1CCC23C4C(=O)CCC2(C1CC5=C3C(=C(C=C5)OC)O4)O.C1=CC(=CC=C1C(=O)O)C(=O)O,COc1ccc2c3c1OC1C(=O)CCC4(O)C(C2)N(C)CCC314.COc1ccc2c3c1OC1C(=O)CCC4(O)C(C2)N(C)CCC314.O=C(O)c1ccc(C(=O)O)cc1,0.7266881028938906,1555
ONDANSETRON HYDROCHLORIDE,CC1=NC=CN1CC2CCC3=C(C2=O)C4=CC=CC=C4N3C.Cl,Cc1nccn1CC1CCc2c(c3ccccc3n2C)C1=O.Cl,0.6290322580645161,1550
HEPARIN SODIUM,CC(=O)NC1C(C(C(OC1O)COS(=O)(=O)O)OC2C(C(C(C(O2)C(=O)O)OC3C(C(C(C(O3)CO)OC4C(C(C(C(O4)C(=O)O)O)O)OS(=O)(=O)O)OS(=O)(=O)O)NS(=O)(=O)O)O)OS(=O)(=O)O)O.[Na+],CC(=O)NC1C(O)OC(COS(=O)(=O)O)C(OC2OC(C(=O)O)C(OC3OC(CO)C(OC4OC(C(=O)O)C(O)C(O)C4OS(=O)(=O)O)C(OS(=O)(=O)O)C3NS(=O)(=O)O)C(O)C2OS(=O)(=O)O)C1O.[Na+],0.6610716591349257,1549
INSULIN ASPART,CCC(C)C(C(=O)NC(C(C)C)C(=O)NC(CCC(=O)O)C(=O)NC(CCC(=O)N)C(=O)NC(CS)C(=O)NC(CS)C(=O)NC(C(C)O)C(=O)NC(CO)C(=O)NC(C(C)CC)C(=O)NC(CS)C(=O)NC(CO)C(=O)NC(CC(C)C)C(=O)NC(CC1=CC=C(C=C1)O)C(=O)NC(CCC(=O)N)C(=O)NC(CC(C)C)C(=O)NC(CCC(=O)O)C(=O)NC(CC(=O)N)C(=O)NC(CC2=CC=C(C=C2)O)C(=O)NC(CS)C(=O)NC(CC(=O)N)C(=O)O)NC(=O)CN.CC(C)CC(C(=O)NC(CC1=CC=C(C=C1)O)C(=O)NC(CC(C)C)C(=O)NC(C(C)C)C(=O)NC(CS)C(=O)NCC(=O)NC(CCC(=O)O)C(=O)NC(CCCNC(=N)N)C(=O)NCC(=O)NC(CC2=CC=CC=C2)C(=O)NC(CC3=CC=CC=C3)C(=O)NC(CC4=CC=C(C=C4)O)C(=O)NC(C(C)O)C(=O)NC(CC(=O)O)C(=O)NC(CCCCN)C(=O)NC(C(C)O)C(=O)O)NC(=O)C(C)NC(=O)C(CCC(=O)O)NC(=O)C(C(C)C)NC(=O)C(CC(C)C)NC(=O)C(CC5=CN=CN5)NC(=O)C(CO)NC(=O)CNC(=O)C(CS)NC(=O)C(CC(C)C)NC(=O)C(CC6=CN=CN6)NC(=O)C(CCC(=O)N)NC(=O)C(CC(=O)N)NC(=O)C(C(C)C)NC(=O)C(CC7=CC=CC=C7)N,CC(C)CC(NC(=O)C(C)NC(=O)C(CCC(=O)O)NC(=O)C(NC(=O)C(CC(C)C)NC(=O)C(Cc1cnc[nH]1)NC(=O)C(CO)NC(=O)CNC(=O)C(CS)NC(=O)C(CC(C)C)NC(=O)C(Cc1cnc[nH]1)NC(=O)C(CCC(N)=O)NC(=O)C(CC(N)=O)NC(=O)C(NC(=O)C(N)Cc1ccccc1)C(C)C)C(C)C)C(=O)NC(Cc1ccc(O)cc1)C(=O)NC(CC(C)C)C(=O)NC(C(=O)NC(CS)C(=O)NCC(=O)NC(CCC(=O)O)C(=O)NC(CCCNC(=N)N)C(=O)NCC(=O)NC(Cc1ccccc1)C(=O)NC(Cc1ccccc1)C(=O)NC(Cc1ccc(O)cc1)C(=O)NC(C(=O)NC(CC(=O)O)C(=O)NC(CCCCN)C(=O)NC(C(=O)O)C(C)O)C(C)O)C(C)C.CCC(C)C(NC(=O)CN)C(=O)NC(C(=O)NC(CCC(=O)O)C(=O)NC(CCC(N)=O)C(=O)NC(CS)C(=O)NC(CS)C(=O)NC(C(=O)NC(CO)C(=O)NC(C(=O)NC(CS)C(=O)NC(CO)C(=O)NC(CC(C)C)C(=O)NC(Cc1ccc(O)cc1)C(=O)NC(CCC(N)=O)C(=O)NC(CC(C)C)C(=O)NC(CCC(=O)O)C(=O)NC(CC(N)=O)C(=O)NC(Cc1ccc(O)cc1)C(=O)NC(CS)C(=O)NC(CC(N)=O)C(=O)O)C(C)CC)C(C)O)C(C)C,0.6701231367465975,1543
HYRIMOZ,,,0.3252299605781866,1522
RITUXAN,,,0.5990783410138248,1519
CABOMETYX,COC1=CC2=C(C=CN=C2C=C1OC)OC3=CC=C(C=C3)NC(=O)C4(CC4)C(=O)NC5=CC=C(C=C5)F.C(C(C(=O)O)O)C(=O)O,COc1cc2nccc(Oc3ccc(NC(=O)C4(C(=O)Nc5ccc(F)cc5)CC4)cc3)c2cc1OC.O=C(O)CC(O)C(=O)O,0.4150197628458498,1518
BETAMETHASONE,CC1CC2C3CCC4=CC(=O)C=CC4(C3(C(CC2(C1(C(=O)CO)O)C)O)F)C,CC1CC2C3CCC4=CC(=O)C=CC4(C)C3(F)C(O)CC2(C)C1(O)C(=O)CO,0.6151815181518152,1515
TOFACITINIB,CC1CCN(CC1N(C)C2=NC=NC3=C2C=CN3)C(=O)CC#N,CC1CCN(C(=O)CC#N)CC1N(C)c1ncnc2[nH]ccc12,0.6613756613756614,1512
FINTEPLA,"CCNC(C)CC1=CC(=CC=C1)C(F)(F)F
CCNC(C)CC1=CC(=CC=C1)C(F)(F)F.Cl",CCNC(C)Cc1cccc(C(F)(F)F)c1,0.3313452617627568,1509
SOLIRIS,,,0.4041141340411413,1507
MIDAZOLAM,CC1=NC=C2N1C3=C(C=C(C=C3)Cl)C(=NC2)C4=CC=CC=C4F,Cc1ncc2n1-c1ccc(Cl)cc1C(c1ccccc1F)=NC2,0.5657370517928287,1506
PROPRANOLOL,CC(C)NCC(COC1=CC=CC2=CC=CC=C21)O,CC(C)NCC(O)COc1cccc2ccccc12,0.4401595744680851,1504
CARFILZOMIB,CC(C)CC(C(=O)C1(CO1)C)NC(=O)C(CC2=CC=CC=C2)NC(=O)C(CC(C)C)NC(=O)C(CCC3=CC=CC=C3)NC(=O)CN4CCOCC4,CC(C)CC(NC(=O)C(CCc1ccccc1)NC(=O)CN1CCOCC1)C(=O)NC(Cc1ccccc1)C(=O)NC(CC(C)C)C(=O)C1(C)CO1,0.5336442371752165,1501
OPSUMIT,CCCNS(=O)(=O)NC1=C(C(=NC=N1)OCCOC2=NC=C(C=N2)Br)C3=CC=C(C=C3)Br,CCCNS(=O)(=O)Nc1ncnc(OCCOc2ncc(Br)cn2)c1-c1ccc(Br)cc1,0.7041499330655957,1494
MONTELUKAST SODIUM,CC(C)(C1=CC=CC=C1CCC(C2=CC=CC(=C2)C=CC3=NC4=C(C=CC(=C4)Cl)C=C3)SCC5(CC5)CC(=O)[O-])O.[Na+],CC(C)(O)c1ccccc1CCC(SCC1(CC(=O)[O-])CC1)c1cccc(C=Cc2ccc3ccc(Cl)cc3n2)c1.[Na+],0.44608171466845276,1493
CEFUROXIME,CON=C(C1=CC=CO1)C(=O)NC2C3N(C2=O)C(=C(CS3)COC(=O)N)C(=O)O,CON=C(C(=O)NC1C(=O)N2C(C(=O)O)=C(COC(N)=O)CSC12)c1ccco1,0.6001339584728734,1493
FARXIGA,CCOC1=CC=C(C=C1)CC2=C(C=CC(=C2)C3C(C(C(C(O3)CO)O)O)O)Cl.CC(CO)O.O,CC(O)CO.CCOc1ccc(Cc2cc(C3OC(CO)C(O)C(O)C3O)ccc2Cl)cc1.O,0.5376850605652759,1486
SULFAMETHOXAZOLE,CC1=CC(=NO1)NS(=O)(=O)C2=CC=C(C=C2)N,Cc1cc(NS(=O)(=O)c2ccc(N)cc2)no1,0.6850605652759085,1486
RUXOLITINIB,C1CCC(C1)C(CC#N)N2C=C(C=N2)C3=C4C=CNC4=NC=N3,N#CCC(C1CCCC1)n1cc(-c2ncnc3[nH]ccc23)cn1,0.5155405405405405,1480
NOREPINEPHRINE,C1=CC(=C(C=C1C(CN)O)O)O,NCC(O)c1ccc(O)c(O)c1,0.7034529451591063,1477
TAMSULOSIN HYDROCHLORIDE,CCOC1=CC=CC=C1OCCNC(C)CC2=CC(=C(C=C2)OC)S(=O)(=O)N.Cl,CCOc1ccccc1OCCNC(C)Cc1ccc(OC)c(S(N)(=O)=O)c1.Cl,0.5335138794854435,1477
NEXIUM,"CC1=CN=C(C(=C1OC)C)CS(=O)C2=NC3=C([N-]2)C=CC(=C3)OC.CC1=CN=C(C(=C1OC)C)CS(=O)C2=NC3=C([N-]2)C=CC(=C3)OC.[Mg+2]
CC1=CN=C(C(=C1OC)C)CS(=O)C2=NC3=C(N2)C=C(C=C3)OC
CC1=CN=C(C(=C1OC)C)CS(=O)C2=NC3=C([N-]2)C=CC(=C3)OC.CC1=CN=C(C(=C1OC)C)CS(=O)C2=NC3=C([N-]2)C=CC(=C3)OC.O.O.O.[Mg+2]
CC1=CN=C(C(=C1OC)C)CS(=O)C2=NC3=C(N2)C=C(C=C3)OC.[Na+]",COc1ccc2[n-]c(S(=O)Cc3ncc(C)c(OC)c3C)nc2c1.COc1ccc2[n-]c(S(=O)Cc3ncc(C)c(OC)c3C)nc2c1.[Mg+2],0.47551020408163264,1470
IRBESARTAN,CCCCC1=NC2(CCCC2)C(=O)N1CC3=CC=C(C=C3)C4=CC=CC=C4C5=NNN=N5,CCCCC1=NC2(CCCC2)C(=O)N1Cc1ccc(-c2ccccc2-c2nn[nH]n2)cc1,0.5450819672131147,1464
LENVATINIB,COC1=CC2=NC=CC(=C2C=C1C(=O)N)OC3=CC(=C(C=C3)NC(=O)NC4CC4)Cl,COc1cc2nccc(Oc3ccc(NC(=O)NC4CC4)c(Cl)c3)c2cc1C(N)=O,0.864476386036961,1461
CALCIUM GLUBIONATE,C(C1C(C(C(C(O1)OC(C(CO)O)C(C(C(=O)[O-])O)O)O)O)O)O.C(C(C(C(C(C(=O)[O-])O)O)O)O)O.O.[Ca+2],O.O=C([O-])C(O)C(O)C(O)C(O)CO.O=C([O-])C(O)C(O)C(OC1OC(CO)C(O)C(O)C1O)C(O)CO.[Ca+2],0.7235939643347051,1458
TAGRISSO,CN1C=C(C2=CC=CC=C21)C3=NC(=NC=C3)NC4=C(C=C(C(=C4)NC(=O)C=C)N(C)CCN(C)C)OC.CS(=O)(=O)O,C=CC(=O)Nc1cc(Nc2nccc(-c3cn(C)c4ccccc34)n2)c(OC)cc1N(C)CCN(C)C.CS(=O)(=O)O,0.6112637362637363,1456
DOMPERIDONE MALEATE,C1CN(CCC1N2C3=C(C=C(C=C3)Cl)NC2=O)CCCN4C5=CC=CC=C5NC4=O.C(=CC(=O)O)C(=O)O,O=C(O)C=CC(=O)O.O=c1[nH]c2ccccc2n1CCCN1CCC(n2c(=O)[nH]c3cc(Cl)ccc32)CC1,0.6222375690607734,1448
CYANOCOBALAMIN,CC1=CC2=C(C=C1C)[N+](=CN2)C3C(C(C(O3)CO)OP(=O)(O)OC(C)CNC(=O)CCC4(C(C5C6(C(C(C(=N6)C(=C7C(C(C(=CC8=NC(=C(C4=N5)C)C(C8(C)C)CCC(=N)[O-])N7)CCC(=N)[O-])(C)CC(=O)N)C)CCC(=N)[O-])(C)CC(=O)N)C)CC(=O)N)C)O.[C]#N.[Co+2],CC1=C2N=C(C=C3NC(=C(C)C4=NC(C)(C5N=C1C(C)(CCC(=O)NCC(C)OP(=O)(O)OC1C(CO)OC([n+]6c[nH]c7cc(C)c(C)cc76)C1O)C5CC(N)=O)C(C)(CC(N)=O)C4CCC(=N)[O-])C(C)(CC(N)=O)C3CCC(=N)[O-])C(C)(C)C2CCC(=N)[O-].[C]#N.[Co+2],0.4633471645919779,1446
ZOLEDRONIC ACID,C1=CN(C=N1)CC(O)(P(=O)(O)O)P(=O)(O)O,O=P(O)(O)C(O)(Cn1ccnc1)P(=O)(O)O,0.39706908583391487,1433
VYVGART,,,0.6580419580419581,1430
TRELEGY ELLIPTA,CC1CC2C3CC(C4=CC(=O)C=CC4(C3(C(CC2(C1(C(=O)SCF)OC(=O)C5=CC=CO5)C)O)F)C)F.C1C[N+]2(CCC1(CC2)C(C3=CC=CC=C3)(C4=CC=CC=C4)O)CCOCC5=CC=CC=C5.C1=CC(=C(C(=C1)Cl)COCCOCCCCCCNCC(C2=CC(=C(C=C2)O)CO)O)Cl,CC1CC2C3CC(F)C4=CC(=O)C=CC4(C)C3(F)C(O)CC2(C)C1(OC(=O)c1ccco1)C(=O)SCF.OC(c1ccccc1)(c1ccccc1)C12CC[N+](CCOCc3ccccc3)(CC1)CC2.OCc1cc(C(O)CNCCCCCCOCCOCc2c(Cl)cccc2Cl)ccc1O,0.4975438596491228,1425
CALCIUM CARBONATE\CHOLECALCIFEROL,,,0.4529494382022472,1424
MEPOLIZUMAB,,,0.4708362614195362,1423
POMALIDOMIDE,C1CC(=O)NC(=O)C1N2C(=O)C3=C(C2=O)C(=CC=C3)N,Nc1cccc2c1C(=O)N(C1CCC(=O)NC1=O)C2=O,0.5366197183098591,1420
PROGESTERONE,CC(=O)C1CCC2C1(CCC3C2CCC4=CC(=O)CCC34C)C,CC(=O)C1CCC2C3CCC4=CC(=O)CCC4(C)C3CCC12C,0.15774647887323945,1420
JAKAFI,C1CCC(C1)C(CC#N)N2C=C(C=N2)C3=C4C=CNC4=NC=N3.OP(=O)(O)O,N#CCC(C1CCCC1)n1cc(-c2ncnc3[nH]ccc23)cn1.O=P(O)(O)O,0.41047416843595186,1413
CRESTOR,CC(C)C1=NC(=NC(=C1C=CC(CC(CC(=O)[O-])O)O)C2=CC=C(C=C2)F)N(C)S(=O)(=O)C.CC(C)C1=NC(=NC(=C1C=CC(CC(CC(=O)[O-])O)O)C2=CC=C(C=C2)F)N(C)S(=O)(=O)C.[Ca+2],CC(C)c1nc(N(C)S(C)(=O)=O)nc(-c2ccc(F)cc2)c1C=CC(O)CC(O)CC(=O)[O-].CC(C)c1nc(N(C)S(C)(=O)=O)nc(-c2ccc(F)cc2)c1C=CC(O)CC(O)CC(=O)[O-].[Ca+2],0.4432624113475177,1410
SPRAVATO,CNC1(CCCCC1=O)C2=CC=CC=C2Cl.Cl,CNC1(c2ccccc2Cl)CCCCC1=O.Cl,0.38085106382978723,1410
AMIODARONE HYDROCHLORIDE,CCCCC1=C(C2=CC=CC=C2O1)C(=O)C3=CC(=C(C(=C3)I)OCCN(CC)CC)I.Cl,CCCCc1oc2ccccc2c1C(=O)c1cc(I)c(OCCN(CC)CC)c(I)c1.Cl,0.6873661670235546,1401
AIMOVIG,,,0.53,1400
SODIUM FERRIC GLUCONATE COMPLEX,,,0.7956989247311828,1395
SODIUM BICARBONATE,C(=O)(O)[O-].[Na+],O=C([O-])O.[Na+],0.5959302325581395,1376
VITAMIN D NOS,,,0.3876363636363636,1375
AMBRISENTAN,CC1=CC(=NC(=N1)OC(C(=O)O)C(C2=CC=CC=C2)(C3=CC=CC=C3)OC)C,COC(c1ccccc1)(c1ccccc1)C(Oc1nc(C)cc(C)n1)C(=O)O,0.598390636430139,1367
CHLORAPREP,CC(C)O.C1=CC(=CC=C1NC(=NC(=NCCCCCCN=C(N)N=C(N)NC2=CC=C(C=C2)Cl)N)N)Cl.C(C(C(C(CO)O)O)O)C(=O)O.C(C(C(C(C(C(=O)O)O)O)O)O)O,CC(C)O.NC(=NCCCCCCN=C(N)N=C(N)Nc1ccc(Cl)cc1)N=C(N)Nc1ccc(Cl)cc1.O=C(O)C(O)C(O)C(O)C(O)CO.O=C(O)CC(O)C(O)C(O)CO,0.7558997050147492,1356
PARATHYROID HORMONE,,,0.47298297557364916,1351
ZYRTEC,C1CN(CCN1CCOCC(=O)O)C(C2=CC=CC=C2)C3=CC=C(C=C3)Cl.Cl.Cl,Cl.Cl.O=C(O)COCCN1CCN(C(c2ccccc2)c2ccc(Cl)cc2)CC1,0.45204460966542753,1345
TADALAFIL,CN1CC(=O)N2C(C1=O)CC3=C(C2C4=CC5=C(C=C4)OCO5)NC6=CC=CC=C36,CN1CC(=O)N2C(Cc3c([nH]c4ccccc34)C2c2ccc3c(c2)OCO3)C1=O,0.5522388059701493,1340
CALCIUM GLUCONATE,C(C(C(C(C(C(=O)[O-])O)O)O)O)O.C(C(C(C(C(C(=O)[O-])O)O)O)O)O.[Ca+2],O=C([O-])C(O)C(O)C(O)C(O)CO.O=C([O-])C(O)C(O)C(O)C(O)CO.[Ca+2],0.6918474195961107,1337
URSODIOL,CC(CCC(=O)O)C1CCC2C1(CCC3C2C(CC4C3(CCC(C4)O)C)O)C,CC(CCC(=O)O)C1CCC2C3C(O)CC4CC(O)CCC4(C)C3CCC12C,0.5396706586826348,1336
VALPROIC ACID,CCCC(CCC)C(=O)O,CCCC(CCC)C(=O)O,0.4254681647940075,1335
METOPROLOL TARTRATE,CC(C)NCC(COC1=CC=C(C=C1)CCOC)O.CC(C)NCC(COC1=CC=C(C=C1)CCOC)O.C(C(C(=O)O)O)(C(=O)O)O,COCCc1ccc(OCC(O)CNC(C)C)cc1.COCCc1ccc(OCC(O)CNC(C)C)cc1.O=C(O)C(O)C(O)C(=O)O,0.49362340585146286,1333
SULFAMETHOXAZOLE AND TRIMETHOPRIM,CC1=CC(=NO1)NS(=O)(=O)C2=CC=C(C=C2)N.COC1=CC(=CC(=C1OC)OC)CC2=CN=C(N=C2N)N,COc1cc(Cc2cnc(N)nc2N)cc(OC)c1OC.Cc1cc(NS(=O)(=O)c2ccc(N)cc2)no1,0.6478129713423831,1326
ORENITRAM,CCCCCC(CCC1C(CC2C1CC3=C(C2)C(=CC=C3)OCC(=O)O)O)O.C(CO)NCCO,CCCCCC(O)CCC1C(O)CC2Cc3c(cccc3OCC(=O)O)CC21.OCCNCCO,0.45117335352006055,1321
DARZALEX,,,0.3946969696969697,1320
NIFEDIPINE,CC1=C(C(C(=C(N1)C)C(=O)OC)C2=CC=CC=C2[N+](=O)[O-])C(=O)OC,COC(=O)C1=C(C)NC(C)=C(C(=O)OC)C1c1ccccc1[N+](=O)[O-],0.5053030303030303,1320
AVASTIN,,,0.5284306292645944,1319
FLUDARABINE,C1=NC2=C(N=C(N=C2N1C3C(C(C(O3)CO)O)O)F)N,Nc1nc(F)nc2c1ncn2C1OC(CO)C(O)C1O,0.507587253414264,1318
ABRILADA,,,0.2009132420091324,1314
VINCRISTINE SULFATE,CCC1(CC2CC(C3=C(CCN(C2)C1)C4=CC=CC=C4N3)(C5=C(C=C6C(=C5)C78CCN9C7C(C=CC9)(C(C(C8N6C=O)(C(=O)OC)O)OC(=O)C)CC)OC)C(=O)OC)O.OS(=O)(=O)O,CCC1(O)CC2CN(CCc3c([nH]c4ccccc34)C(C(=O)OC)(c3cc4c(cc3OC)N(C=O)C3C(O)(C(=O)OC)C(OC(C)=O)C5(CC)C=CCN6CCC43C65)C2)C1.O=S(=O)(O)O,0.5282442748091603,1310
INSULIN GLARGINE,CCC(C)C1C(=O)NC2CSSCC(C(=O)NC(CSSCC(C(=O)NCC(=O)NC(C(=O)NC(C(=O)NC(C(=O)NC(C(=O)NC(C(=O)NC(C(=O)NC(C(=O)NC(C(=O)NC(C(=O)NC(C(=O)NC(CSSCC(NC(=O)C(NC(=O)C(NC(=O)C(NC(=O)C(NC(=O)C(NC(=O)C(NC(=O)C(NC(=O)C(NC2=O)CO)CC(C)C)CC3=CC=C(C=C3)O)CCC(=O)N)CC(C)C)CCC(=O)O)CC(=O)N)CC4=CC=C(C=C4)O)C(=O)NCC(=O)O)C(=O)NCC(=O)NC(CCC(=O)O)C(=O)NC(CCCNC(=N)N)C(=O)NCC(=O)NC(CC5=CC=CC=C5)C(=O)NC(CC6=CC=CC=C6)C(=O)NC(CC7=CC=C(C=C7)O)C(=O)NC(C(C)O)C(=O)N8CCCC8C(=O)NC(CCCCN)C(=O)NC(C(C)O)C(=O)NC(CCCNC(=N)N)C(=O)NC(CCCNC(=N)N)C(=O)O)C(C)C)CC(C)C)CC9=CC=C(C=C9)O)CC(C)C)C)CCC(=O)O)C(C)C)CC(C)C)CC2=CNC=N2)CO)NC(=O)C(CC(C)C)NC(=O)C(CC2=CNC=N2)NC(=O)C(CCC(=O)N)NC(=O)C(CC(=O)N)NC(=O)C(C(C)C)NC(=O)C(CC2=CC=CC=C2)N)C(=O)NC(C(=O)NC(C(=O)N1)CO)C(C)O)NC(=O)C(CCC(=O)N)NC(=O)C(CCC(=O)O)NC(=O)C(C(C)C)NC(=O)C(C(C)CC)NC(=O)CN,CCC(C)C(NC(=O)CN)C(=O)NC(C(=O)NC(CCC(=O)O)C(=O)NC(CCC(N)=O)C(=O)NC1CSSCC2NC(=O)C(C(C)CC)NC(=O)C(CO)NC(=O)C(C(C)O)NC(=O)C(CSSCC(NC(=O)C(CC(C)C)NC(=O)C(Cc3c[nH]cn3)NC(=O)C(CCC(N)=O)NC(=O)C(CC(N)=O)NC(=O)C(NC(=O)C(N)Cc3ccccc3)C(C)C)C(=O)NCC(=O)NC(CO)C(=O)NC(Cc3c[nH]cn3)C(=O)NC(CC(C)C)C(=O)NC(C(C)C)C(=O)NC(CCC(=O)O)C(=O)NC(C)C(=O)NC(CC(C)C)C(=O)NC(Cc3ccc(O)cc3)C(=O)NC(CC(C)C)C(=O)NC(C(C)C)C(=O)NC(C(=O)NCC(=O)NC(CCC(=O)O)C(=O)NC(CCCNC(=N)N)C(=O)NCC(=O)NC(Cc3ccccc3)C(=O)NC(Cc3ccccc3)C(=O)NC(Cc3ccc(O)cc3)C(=O)NC(C(=O)N3CCCC3C(=O)NC(CCCCN)C(=O)NC(C(=O)NC(CCCNC(=N)N)C(=O)NC(CCCNC(=N)N)C(=O)O)C(C)O)C(C)O)CSSCC(C(=O)NCC(=O)O)NC(=O)C(Cc3ccc(O)cc3)NC(=O)C(CC(N)=O)NC(=O)C(CCC(=O)O)NC(=O)C(CC(C)C)NC(=O)C(CCC(N)=O)NC(=O)C(Cc3ccc(O)cc3)NC(=O)C(CC(C)C)NC(=O)C(CO)NC2=O)NC1=O)C(C)C,0.5912910618792971,1309
VENLAFAXINE HYDROCHLORIDE,CN(C)CC(C1=CC=C(C=C1)OC)C2(CCCCC2)O.Cl,COc1ccc(C(CN(C)C)C2(O)CCCCC2)cc1.Cl,0.4304281345565749,1308
GLICLAZIDE,CC1=CC=C(C=C1)S(=O)(=O)NC(=O)NN2CC3CCCC3C2,Cc1ccc(S(=O)(=O)NC(=O)NN2CC3CCCC3C2)cc1,0.5345092024539877,1304
AMOXICILLIN\CLAVULANATE POTASSIUM,,,0.5410590943975442,1303
GOLD SODIUM THIOMALATE,C(C(C(=O)[O-])[S-])C(=O)[O-].[Na+].[Na+].[Au+],O=C([O-])CC([S-])C(=O)[O-].[Au+].[Na+].[Na+],0.6387596899224807,1290
DEPODUR,CN1CCC23C4C1CC5=C2C(=C(C=C5)O)OC3C(C=C4)O.CN1CCC23C4C1CC5=C2C(=C(C=C5)O)OC3C(C=C4)O.OS(=O)(=O)O,CN1CCC23c4c5ccc(O)c4OC2C(O)C=CC3C1C5.CN1CCC23c4c5ccc(O)c4OC2C(O)C=CC3C1C5.O=S(=O)(O)O,0.18245341614906832,1288
PERTUZUMAB,,,0.5341176470588235,1275
EPIDIOLEX,CCCCCC1=CC(=C(C(=C1)O)C2C=C(CCC2C(=C)C)C)O,C=C(C)C1CCC(C)=CC1c1c(O)cc(CCCCC)cc1O,0.548235294117647,1275
CLARITHROMYCIN,CCC1C(C(C(C(=O)C(CC(C(C(C(C(C(=O)O1)C)OC2CC(C(C(O2)C)O)(C)OC)C)OC3C(C(CC(O3)C)N(C)C)O)(C)OC)C)C)O)(C)O,CCC1OC(=O)C(C)C(OC2CC(C)(OC)C(O)C(C)O2)C(C)C(OC2OC(C)CC(N(C)C)C2O)C(C)(OC)CC(C)C(=O)C(C)C(O)C1(C)O,0.41153238546603477,1266
OFEV,CCS(=O)(=O)O.CN1CCN(CC1)CC(=O)N(C)C2=CC=C(C=C2)N=C(C3=CC=CC=C3)C4=C(NC5=C4C=CC(=C5)C(=O)OC)O,CCS(=O)(=O)O.COC(=O)c1ccc2c(C(=Nc3ccc(N(C)C(=O)CN4CCN(C)CC4)cc3)c3ccccc3)c(O)[nH]c2c1,0.6022187004754358,1262
PROLIA,,,0.39158061953931694,1259
TYVASO,CCCCCC(CCC1C(CC2C1CC3=C(C2)C(=CC=C3)OCC(=O)O)O)O,CCCCCC(O)CCC1C(O)CC2Cc3c(cccc3OCC(=O)O)CC21,0.5278219395866455,1258
TYSABRI,CC(C)CC(C(=O)NC(CCSC)C(=O)N)NC(=O)CNC(=O)C(CC1=CC=CC=C1)N(C)C(=O)C(CC2=CC=CC=C2)NC(=O)C(CC(=O)O)NC(=O)CCC(=O)O,CSCCC(NC(=O)C(CC(C)C)NC(=O)CNC(=O)C(Cc1ccccc1)N(C)C(=O)C(Cc1ccccc1)NC(=O)C(CC(=O)O)NC(=O)CCC(=O)O)C(N)=O,0.5486443381180224,1254
WELLBUTRIN,"CC(C(=O)C1=CC(=CC=C1)Cl)NC(C)(C)C.Cl
CC(C(=O)C1=CC(=CC=C1)Cl)NC(C)(C)C",CC(NC(C)(C)C)C(=O)c1cccc(Cl)c1.Cl,0.2624398073836276,1246
METHADONE,CCC(=O)C(CC(C)N(C)C)(C1=CC=CC=C1)C2=CC=CC=C2,CCC(=O)C(CC(C)N(C)C)(c1ccccc1)c1ccccc1,0.502411575562701,1244
KEPPRA,CCC(C(=O)N)N1CCCC1=O,CCC(C(N)=O)N1CCCC1=O,0.4838709677419355,1240
RIVAROXABAN,C1COCC(=O)N1C2=CC=C(C=C2)N3CC(OC3=O)CNC(=O)C4=CC=C(S4)Cl,O=C(NCC1CN(c2ccc(N3CCOCC3=O)cc2)C(=O)O1)c1ccc(Cl)s1,0.5336577453365775,1233
LOSARTAN POTASSIUM,CCCCC1=NC(=C(N1CC2=CC=C(C=C2)C3=CC=CC=C3C4=NN=N[N-]4)CO)Cl.[K+],CCCCc1nc(Cl)c(CO)n1Cc1ccc(-c2ccccc2-c2nnn[n-]2)cc1.[K+],0.4878246753246753,1232
BENDAMUSTINE,CN1C2=C(C=C(C=C2)N(CCCl)CCCl)N=C1CCCC(=O)O,Cn1c(CCCC(=O)O)nc2cc(N(CCCl)CCCl)ccc21,0.4281072298943948,1231
SANDOSTATIN,CC(C1C(=O)NC(CSSCC(C(=O)NC(C(=O)NC(C(=O)NC(C(=O)N1)CCCCN)CC2=CNC3=CC=CC=C32)CC4=CC=CC=C4)NC(=O)C(CC5=CC=CC=C5)N)C(=O)NC(CO)C(C)O)O.CC(=O)O.CC(=O)O,CC(=O)O.CC(=O)O.CC(O)C(CO)NC(=O)C1CSSCC(NC(=O)C(N)Cc2ccccc2)C(=O)NC(Cc2ccccc2)C(=O)NC(Cc2c[nH]c3ccccc23)C(=O)NC(CCCCN)C(=O)NC(C(C)O)C(=O)N1,0.46084828711256115,1226
APREPITANT,CC(C1=CC(=CC(=C1)C(F)(F)F)C(F)(F)F)OC2C(N(CCO2)CC3=NNC(=O)N3)C4=CC=C(C=C4)F,CC(OC1OCCN(Cc2n[nH]c(=O)[nH]2)C1c1ccc(F)cc1)c1cc(C(F)(F)F)cc(C(F)(F)F)c1,0.6533442088091354,1226
ENFORTUMAB VEDOTIN,,,0.4602132895816243,1219
ENDODAN,CC(=O)OC1=CC=CC=C1C(=O)O.CN1CCC23C4C(=O)CCC2(C1CC5=C3C(=C(C=C5)OC)O4)O,CC(=O)Oc1ccccc1C(=O)O.COc1ccc2c3c1OC1C(=O)CCC4(O)C(C2)N(C)CCC314,0.1669407894736842,1216
IXAZOMIB,B(C(CC(C)C)NC(=O)CNC(=O)C1=C(C=CC(=C1)Cl)Cl)(O)O,CC(C)CC(NC(=O)CNC(=O)c1cc(Cl)ccc1Cl)B(O)O,0.41776315789473684,1216
DENOSUMAB,,,0.4645214521452145,1212
IMFINZI,,,0.5930232558139535,1204
QUINAPRIL HYDROCHLORIDE,CCOC(=O)C(CCC1=CC=CC=C1)NC(C)C(=O)N2CC3=CC=CC=C3CC2C(=O)O.Cl,CCOC(=O)C(CCc1ccccc1)NC(C)C(=O)N1Cc2ccccc2CC1C(=O)O.Cl,0.6505823627287853,1202
ENOXAPARIN,,,0.6006683375104428,1197
WARFARIN SODIUM,CC(=O)CC(C1=CC=CC=C1)C2=C(C3=CC=CC=C3OC2=O)[O-].[Na+],CC(=O)CC(c1ccccc1)c1c([O-])c2ccccc2oc1=O.[Na+],0.6214405360134003,1194
BUDESONIDE\FORMOTEROL FUMARATE,,,0.47063758389261745,1192
HUMALOG,CCC(C)C(C(=O)NC(C(C)C)C(=O)NC(CCC(=O)O)C(=O)NC(CCC(=O)N)C(=O)NC(CS)C(=O)NC(CS)C(=O)NC(C(C)O)C(=O)NC(CO)C(=O)NC(C(C)CC)C(=O)NC(CS)C(=O)NC(CO)C(=O)NC(CC(C)C)C(=O)NC(CC1=CC=C(C=C1)O)C(=O)NC(CCC(=O)N)C(=O)NC(CC(C)C)C(=O)NC(CCC(=O)O)C(=O)NC(CC(=O)N)C(=O)NC(CC2=CC=C(C=C2)O)C(=O)NC(CS)C(=O)NC(CC(=O)N)C(=O)O)NC(=O)CN.CC(C)CC(C(=O)NC(CC1=CC=C(C=C1)O)C(=O)NC(CC(C)C)C(=O)NC(C(C)C)C(=O)NC(CS)C(=O)NCC(=O)NC(CCC(=O)O)C(=O)NC(CCCNC(=N)N)C(=O)NCC(=O)NC(CC2=CC=CC=C2)C(=O)NC(CC3=CC=CC=C3)C(=O)NC(CC4=CC=C(C=C4)O)C(=O)NC(C(C)O)C(=O)NC(CCCCN)C(=O)N5CCCC5C(=O)NC(C(C)O)C(=O)O)NC(=O)C(C)NC(=O)C(CCC(=O)O)NC(=O)C(C(C)C)NC(=O)C(CC(C)C)NC(=O)C(CC6=CN=CN6)NC(=O)C(CO)NC(=O)CNC(=O)C(CS)NC(=O)C(CC(C)C)NC(=O)C(CC7=CN=CN7)NC(=O)C(CCC(=O)N)NC(=O)C(CC(=O)N)NC(=O)C(C(C)C)NC(=O)C(CC8=CC=CC=C8)N,CC(C)CC(NC(=O)C(C)NC(=O)C(CCC(=O)O)NC(=O)C(NC(=O)C(CC(C)C)NC(=O)C(Cc1cnc[nH]1)NC(=O)C(CO)NC(=O)CNC(=O)C(CS)NC(=O)C(CC(C)C)NC(=O)C(Cc1cnc[nH]1)NC(=O)C(CCC(N)=O)NC(=O)C(CC(N)=O)NC(=O)C(NC(=O)C(N)Cc1ccccc1)C(C)C)C(C)C)C(=O)NC(Cc1ccc(O)cc1)C(=O)NC(CC(C)C)C(=O)NC(C(=O)NC(CS)C(=O)NCC(=O)NC(CCC(=O)O)C(=O)NC(CCCNC(=N)N)C(=O)NCC(=O)NC(Cc1ccccc1)C(=O)NC(Cc1ccccc1)C(=O)NC(Cc1ccc(O)cc1)C(=O)NC(C(=O)NC(CCCCN)C(=O)N1CCCC1C(=O)NC(C(=O)O)C(C)O)C(C)O)C(C)C.CCC(C)C(NC(=O)CN)C(=O)NC(C(=O)NC(CCC(=O)O)C(=O)NC(CCC(N)=O)C(=O)NC(CS)C(=O)NC(CS)C(=O)NC(C(=O)NC(CO)C(=O)NC(C(=O)NC(CS)C(=O)NC(CO)C(=O)NC(CC(C)C)C(=O)NC(Cc1ccc(O)cc1)C(=O)NC(CCC(N)=O)C(=O)NC(CC(C)C)C(=O)NC(CCC(=O)O)C(=O)NC(CC(N)=O)C(=O)NC(Cc1ccc(O)cc1)C(=O)NC(CS)C(=O)NC(CC(N)=O)C(=O)O)C(C)CC)C(C)O)C(C)C,0.5341196293176074,1187
ACETAMINOPHEN\CODEINE PHOSPHATE,,,0.569502948609941,1187
ADEMPAS,CN(C1=C(N=C(N=C1N)C2=NN(C3=C2C=CC=N3)CC4=CC=CC=C4F)N)C(=O)OC,COC(=O)N(C)c1c(N)nc(-c2nn(Cc3ccccc3F)c3ncccc23)nc1N,0.6745562130177515,1183
SODIUM PICOSULFATE,C1=CC=NC(=C1)C(C2=CC=C(C=C2)OS(=O)(=O)[O-])C3=CC=C(C=C3)OS(=O)(=O)[O-].[Na+].[Na+],O=S(=O)([O-])Oc1ccc(C(c2ccc(OS(=O)(=O)[O-])cc2)c2ccccn2)cc1.[Na+].[Na+],0.7039249146757679,1172
SERTRALINE HYDROCHLORIDE,CNC1CCC(C2=CC=CC=C12)C3=CC(=C(C=C3)Cl)Cl.Cl,CNC1CCC(c2ccc(Cl)c(Cl)c2)c2ccccc21.Cl,0.45493562231759654,1165
PSEUDOEPHEDRINE,CC(C(C1=CC=CC=C1)O)NC,CNC(C)C(O)c1ccccc1,0.7027491408934707,1164
ZUCLOPENTHIXOL,C1CN(CCN1CCC=C2C3=CC=CC=C3SC4=C2C=C(C=C4)Cl)CCO,OCCN1CCN(CCC=C2c3ccccc3Sc3ccc(Cl)cc32)CC1,0.6813092161929372,1161
LINEZOLID,CC(=O)NCC1CN(C(=O)O1)C2=CC(=C(C=C2)N3CCOCC3)F,CC(=O)NCC1CN(c2ccc(N3CCOCC3)c(F)c2)C(=O)O1,0.5405172413793103,1160
ESTRADIOL,CC12CCC3C(C1CCC2O)CCC4=C3C=CC(=C4)O,CC12CCC3c4ccc(O)cc4CCC3C1CCC2O,0.3732758620689655,1160
RIBOCICLIB,CN(C)C(=O)C1=CC2=CN=C(N=C2N1C3CCCC3)NC4=NC=C(C=C4)N5CCNCC5,CN(C)C(=O)c1cc2cnc(Nc3ccc(N4CCNCC4)cn3)nc2n1C1CCCC1,0.2858376511226252,1158
DILAUDID,"CN1CCC23C4C1CC5=C2C(=C(C=C5)O)OC3C(=O)CC4
CN1CCC23C4C1CC5=C2C(=C(C=C5)O)OC3C(=O)CC4.Cl",CN1CCC23c4c5ccc(O)c4OC2C(=O)CCC3C1C5,0.4209161624891962,1157
MYCOPHENOLIC ACID,CC1=C2COC(=O)C2=C(C(=C1OC)CC=C(C)CCC(=O)O)O,COc1c(C)c2c(c(O)c1CC=C(C)CCC(=O)O)C(=O)OC2,0.5047784535186794,1151
BUPRENORPHINE,CC(C)(C)C(C)(C1CC23CCC1(C4C25CCN(C3CC6=C5C(=C(C=C6)O)O4)CC7CC7)OC)O,COC12CCC3(CC1C(C)(O)C(C)(C)C)C1Cc4ccc(O)c5c4C3(CCN1CC1CC1)C2O5,0.4431818181818182,1144
LORATADINE,CCOC(=O)N1CCC(=C2C3=C(CCC4=C2N=CC=C4)C=C(C=C3)Cl)CC1,CCOC(=O)N1CCC(=C2c3ccc(Cl)cc3CCc3cccnc32)CC1,0.5,1140
VORICONAZOLE,CC(C1=NC=NC=C1F)C(CN2C=NC=N2)(C3=C(C=C(C=C3)F)F)O,CC(c1ncncc1F)C(O)(Cn1cncn1)c1ccc(F)cc1F,0.5030837004405286,1135
BELBUCA,CC(C)(C)C(C)(C1CC23CCC1(C4C25CCN(C3CC6=C5C(=C(C=C6)O)O4)CC7CC7)OC)O.Cl,COC12CCC3(CC1C(C)(O)C(C)(C)C)C1Cc4ccc(O)c5c4C3(CCN1CC1CC1)C2O5.Cl,0.15173025732031944,1127
ASCORBIC ACID,C(C(C1C(=C(C(=O)O1)O)O)O)O,O=C1OC(C(O)CO)C(O)=C1O,0.6539145907473309,1124
LACOSAMIDE,CC(=O)NC(COC)C(=O)NCC1=CC=CC=C1,COCC(NC(C)=O)C(=O)NCc1ccccc1,0.3811219946571683,1123
BUPROPION HYDROCHLORIDE,CC(C(=O)C1=CC(=CC=C1)Cl)NC(C)(C)C.Cl,CC(NC(C)(C)C)C(=O)c1cccc(Cl)c1.Cl,0.3897849462365591,1116
IFOSFAMIDE,C1CN(P(=O)(OC1)NCCCl)CCCl,O=P1(NCCCl)OCCCN1CCCl,0.4098654708520179,1115
HYDROXYZINE,C1CN(CCN1CCOCCO)C(C2=CC=CC=C2)C3=CC=C(C=C3)Cl,OCCOCCN1CCN(C(c2ccccc2)c2ccc(Cl)cc2)CC1,0.5031390134529148,1115
ISOPROPYL ALCOHOL,CC(C)O,CC(C)O,0.7259658580413297,1113
CEFUROXIME AXETIL,CC(OC(=O)C)OC(=O)C1=C(CSC2N1C(=O)C2NC(=O)C(=NOC)C3=CC=CO3)COC(=O)N,CON=C(C(=O)NC1C(=O)N2C(C(=O)OC(C)OC(C)=O)=C(COC(N)=O)CSC12)c1ccco1,0.5679567956795679,1111
CHLORPHENIRAMINE MALEATE,CN(C)CCC(C1=CC=C(C=C1)Cl)C2=CC=CC=N2.C(=CC(=O)O)C(=O)O,CN(C)CCC(c1ccc(Cl)cc1)c1ccccn1.O=C(O)C=CC(=O)O,0.5852119026149685,1109
PANTOPRAZOLE SODIUM ANHYDROUS,COC1=C(C(=NC=C1)CS(=O)C2=NC3=C([N-]2)C=C(C=C3)OC(F)F)OC.[Na+],COc1ccnc(CS(=O)c2nc3ccc(OC(F)F)cc3[n-]2)c1OC.[Na+],0.6603432700993677,1107
MOMETASONE FUROATE,CC1CC2C3CCC4=CC(=O)C=CC4(C3(C(CC2(C1(C(=O)CCl)OC(=O)C5=CC=CO5)C)O)Cl)C,CC1CC2C3CCC4=CC(=O)C=CC4(C)C3(Cl)C(O)CC2(C)C1(OC(=O)c1ccco1)C(=O)CCl,0.38588450962419796,1091
HERCEPTIN,,,0.5087235996326905,1089
ENALAPRIL,CCOC(=O)C(CCC1=CC=CC=C1)NC(C)C(=O)N2CCCC2C(=O)O,CCOC(=O)C(CCc1ccccc1)NC(C)C(=O)N1CCCC1C(=O)O,0.5308755760368664,1085
DEXILANT,CC1=C(C=CN=C1CS(=O)C2=NC3=CC=CC=C3N2)OCC(F)(F)F,Cc1c(OCC(F)(F)F)ccnc1CS(=O)c1nc2ccccc2[nH]1,0.46345975948196116,1081
IMURAN,CN1C=NC(=C1SC2=NC=NC3=C2NC=N3)[N+](=O)[O-],Cn1cnc([N+](=O)[O-])c1Sc1ncnc2nc[nH]c12,0.30046511627906974,1075
COLCHICINE,CC(=O)NC1CCC2=CC(=C(C(=C2C3=CC=C(C(=O)C=C13)OC)OC)OC)OC,COc1cc2c(c(OC)c1OC)-c1ccc(OC)c(=O)cc1C(NC(C)=O)CC2,0.543336439888164,1073
XGEVA,,,0.4371482176360225,1066
PREDONINE,CC12CC(C3C(C1CCC2(C(=O)CO)O)CCC4=CC(=O)C=CC34C)O,CC12C=CC(=O)C=C1CCC1C2C(O)CC2(C)C1CCC2(O)C(=O)CO,0.6088180112570356,1066
REPATHA,,,0.3333333333333333,1062
CANDESARTAN CILEXETIL,CCOC1=NC2=CC=CC(=C2N1CC3=CC=C(C=C3)C4=CC=CC=C4C5=NNN=N5)C(=O)OC(C)OC(=O)OC6CCCCC6,CCOc1nc2cccc(C(=O)OC(C)OC(=O)OC3CCCCC3)c2n1Cc1ccc(-c2ccccc2-c2nn[nH]n2)cc1,0.588124410933082,1061
POTASSIUM,[K],[K],0.4815165876777251,1055
LANTUS,CCC(C)C1C(=O)NC2CSSCC(C(=O)NC(CSSCC(C(=O)NCC(=O)NC(C(=O)NC(C(=O)NC(C(=O)NC(C(=O)NC(C(=O)NC(C(=O)NC(C(=O)NC(C(=O)NC(C(=O)NC(C(=O)NC(CSSCC(NC(=O)C(NC(=O)C(NC(=O)C(NC(=O)C(NC(=O)C(NC(=O)C(NC(=O)C(NC(=O)C(NC2=O)CO)CC(C)C)CC3=CC=C(C=C3)O)CCC(=O)N)CC(C)C)CCC(=O)O)CC(=O)N)CC4=CC=C(C=C4)O)C(=O)NCC(=O)O)C(=O)NCC(=O)NC(CCC(=O)O)C(=O)NC(CCCNC(=N)N)C(=O)NCC(=O)NC(CC5=CC=CC=C5)C(=O)NC(CC6=CC=CC=C6)C(=O)NC(CC7=CC=C(C=C7)O)C(=O)NC(C(C)O)C(=O)N8CCCC8C(=O)NC(CCCCN)C(=O)NC(C(C)O)C(=O)NC(CCCNC(=N)N)C(=O)NC(CCCNC(=N)N)C(=O)O)C(C)C)CC(C)C)CC9=CC=C(C=C9)O)CC(C)C)C)CCC(=O)O)C(C)C)CC(C)C)CC2=CNC=N2)CO)NC(=O)C(CC(C)C)NC(=O)C(CC2=CNC=N2)NC(=O)C(CCC(=O)N)NC(=O)C(CC(=O)N)NC(=O)C(C(C)C)NC(=O)C(CC2=CC=CC=C2)N)C(=O)NC(C(=O)NC(C(=O)N1)CO)C(C)O)NC(=O)C(CCC(=O)N)NC(=O)C(CCC(=O)O)NC(=O)C(C(C)C)NC(=O)C(C(C)CC)NC(=O)CN,CCC(C)C(NC(=O)CN)C(=O)NC(C(=O)NC(CCC(=O)O)C(=O)NC(CCC(N)=O)C(=O)NC1CSSCC2NC(=O)C(C(C)CC)NC(=O)C(CO)NC(=O)C(C(C)O)NC(=O)C(CSSCC(NC(=O)C(CC(C)C)NC(=O)C(Cc3c[nH]cn3)NC(=O)C(CCC(N)=O)NC(=O)C(CC(N)=O)NC(=O)C(NC(=O)C(N)Cc3ccccc3)C(C)C)C(=O)NCC(=O)NC(CO)C(=O)NC(Cc3c[nH]cn3)C(=O)NC(CC(C)C)C(=O)NC(C(C)C)C(=O)NC(CCC(=O)O)C(=O)NC(C)C(=O)NC(CC(C)C)C(=O)NC(Cc3ccc(O)cc3)C(=O)NC(CC(C)C)C(=O)NC(C(C)C)C(=O)NC(C(=O)NCC(=O)NC(CCC(=O)O)C(=O)NC(CCCNC(=N)N)C(=O)NCC(=O)NC(Cc3ccccc3)C(=O)NC(Cc3ccccc3)C(=O)NC(Cc3ccc(O)cc3)C(=O)NC(C(=O)N3CCCC3C(=O)NC(CCCCN)C(=O)NC(C(=O)NC(CCCNC(=N)N)C(=O)NC(CCCNC(=N)N)C(=O)O)C(C)O)C(C)O)CSSCC(C(=O)NCC(=O)O)NC(=O)C(Cc3ccc(O)cc3)NC(=O)C(CC(N)=O)NC(=O)C(CCC(=O)O)NC(=O)C(CC(C)C)NC(=O)C(CCC(N)=O)NC(=O)C(Cc3ccc(O)cc3)NC(=O)C(CC(C)C)NC(=O)C(CO)NC2=O)NC1=O)C(C)C,0.5238095238095238,1050
FIRAZYR,"C1CCC2C(C1)CC(N2C(=O)C3CC4=CC=CC=C4CN3C(=O)C(CO)NC(=O)C(CC5=CC=CS5)NC(=O)CNC(=O)C6CC(CN6C(=O)C7CCCN7C(=O)C(CCCN=C(N)N)NC(=O)C(CCCN=C(N)N)N)O)C(=O)NC(CCCN=C(N)N)C(=O)O
C1CCC2C(C1)CC(N2C(=O)C3CC4=CC=CC=C4CN3C(=O)C(CO)NC(=O)C(CC5=CC=CS5)NC(=O)CNC(=O)C6CC(CN6C(=O)C7CCCN7C(=O)C(CCCN=C(N)N)NC(=O)C(CCCN=C(N)N)N)O)C(=O)NC(CCCN=C(N)N)C(=O)O
CC(=O)O.C1CCC2C(C1)CC(N2C(=O)C3CC4=CC=CC=C4CN3C(=O)C(CO)NC(=O)C(CC5=CC=CS5)NC(=O)CNC(=O)C6CC(CN6C(=O)C7CCCN7C(=O)C(CCCN=C(N)N)NC(=O)C(CCCN=C(N)N)N)O)C(=O)NC(CCCN=C(N)N)C(=O)O
C1CCC2C(C1)CC(N2C(=O)C3CC4=CC=CC=C4CN3C(=O)C(CO)NC(=O)C(CC5=CC=CS5)NC(=O)CNC(=O)C6CC(CN6C(=O)C7CCCN7C(=O)C(CCCN=C(N)N)NC(=O)C(CCCN=C(N)N)N)O)C(=O)NC(CCCN=C(N)N)C(=O)O
CC(=O)O.CC(=O)O.CC(=O)O.C1CCC2C(C1)CC(N2C(=O)C3CC4=CC=CC=C4CN3C(=O)C(CO)NC(=O)C(CC5=CC=CS5)NC(=O)CNC(=O)C6CC(CN6C(=O)C7CCCN7C(=O)C(CCCN=C(N)N)NC(=O)C(CCCN=C(N)N)N)O)C(=O)NC(CCCN=C(N)N)C(=O)O",NC(N)=NCCCC(N)C(=O)NC(CCCN=C(N)N)C(=O)N1CCCC1C(=O)N1CC(O)CC1C(=O)NCC(=O)NC(Cc1cccs1)C(=O)NC(CO)C(=O)N1Cc2ccccc2CC1C(=O)N1C(C(=O)NC(CCCN=C(N)N)C(=O)O)CC2CCCCC21,0.47992351816443596,1046
BOTOX,,,0.3559808612440191,1045
FLUTICASONE,CC1CC2C3CC(C4=CC(=O)C=CC4(C3(C(CC2(C1(C(=O)SCF)O)C)O)F)C)F,CC1CC2C3CC(F)C4=CC(=O)C=CC4(C)C3(F)C(O)CC2(C)C1(O)C(=O)SCF,0.446360153256705,1044
VELCADE,B(C(CC(C)C)NC(=O)C(CC1=CC=CC=C1)NC(=O)C2=NC=CN=C2)(O)O,CC(C)CC(NC(=O)C(Cc1ccccc1)NC(=O)c1cnccn1)B(O)O,0.3598848368522073,1042
PONATINIB,CC1=C(C=C(C=C1)C(=O)NC2=CC(=C(C=C2)CN3CCN(CC3)C)C(F)(F)F)C#CC4=CN=C5N4N=CC=C5,Cc1ccc(C(=O)Nc2ccc(CN3CCN(C)CC3)c(C(F)(F)F)c2)cc1C#Cc1cnc2cccnn12,0.5424710424710425,1036
ZINC,[Zn],[Zn],0.4601167315175097,1028
CALCITRIOL,CC(CCCC(C)(C)O)C1CCC2C1(CCCC2=CC=C3CC(CC(C3=C)O)O)C,C=C1C(=CC=C2CCCC3(C)C2CCC3C(C)CCCC(C)(C)O)CC(O)CC1O,0.6351219512195122,1025
VYNDAMAX,C1=CC2=C(C=C1C(=O)O)OC(=N2)C3=CC(=CC(=C3)Cl)Cl,O=C(O)c1ccc2nc(-c3cc(Cl)cc(Cl)c3)oc2c1,0.5865102639296188,1023
KARDEGIC,,,0.6695992179863147,1023
DULOXETINE HYDROCHLORIDE,CNCCC(C1=CC=CS1)OC2=CC=CC3=CC=CC=C32.Cl,CNCCC(Oc1cccc2ccccc12)c1cccs1.Cl,0.3494094488188976,1016
FLOMAX,CCOC1=CC=CC=C1OCCNC(C)CC2=CC(=C(C=C2)OC)S(=O)(=O)N.Cl,CCOc1ccccc1OCCNC(C)Cc1ccc(OC)c(S(N)(=O)=O)c1.Cl,0.5615763546798029,1015
LYNPARZA,C1CC1C(=O)N2CCN(CC2)C(=O)C3=C(C=CC(=C3)CC4=NNC(=O)C5=CC=CC=C54)F,O=C(c1cc(Cc2n[nH]c(=O)c3ccccc23)ccc1F)N1CCN(C(=O)C2CC2)CC1,0.4762845849802372,1012
PLAVIX,"COC(=O)C(C1=CC=CC=C1Cl)N2CCC3=C(C2)C=CS3.OS(=O)(=O)O
COC(=O)C(C1=CC=CC=C1Cl)N2CCC3=C(C2)C=CS3
[H+].COC(=O)C(C1=CC=CC=C1Cl)N2CCC3=C(C2)C=CS3.OS(=O)(=O)[O-]",COC(=O)C(c1ccccc1Cl)N1CCc2sccc2C1.O=S(=O)(O)O,0.4990118577075099,1012
ESOMEPRAZOLE MAGNESIUM,CC1=CN=C(C(=C1OC)C)CS(=O)C2=NC3=C([N-]2)C=CC(=C3)OC.CC1=CN=C(C(=C1OC)C)CS(=O)C2=NC3=C([N-]2)C=CC(=C3)OC.[Mg+2],COc1ccc2[n-]c(S(=O)Cc3ncc(C)c(OC)c3C)nc2c1.COc1ccc2[n-]c(S(=O)Cc3ncc(C)c(OC)c3C)nc2c1.[Mg+2],0.47964250248262164,1007
PAXLOVID,CC1(C2C1C(N(C2)C(=O)C(C(C)(C)C)NC(=O)C(F)(F)F)C(=O)NC(CC3CCNC3=O)C#N)C,CC(C)(C)C(NC(=O)C(F)(F)F)C(=O)N1CC2C(C1C(=O)NC(C#N)CC1CCNC1=O)C2(C)C,0.441351888667992,1006
FLUTICASONE FUROATE,CC1CC2C3CC(C4=CC(=O)C=CC4(C3(C(CC2(C1(C(=O)SCF)OC(=O)C5=CC=CO5)C)O)F)C)F,CC1CC2C3CC(F)C4=CC(=O)C=CC4(C)C3(F)C(O)CC2(C)C1(OC(=O)c1ccco1)C(=O)SCF,0.5348605577689243,1004
MELPHALAN,C1=CC(=CC=C1CC(C(=O)O)N)N(CCCl)CCCl,NC(Cc1ccc(N(CCCl)CCCl)cc1)C(=O)O,0.4291417165668663,1002
ANASTROZOLE,CC(C)(C#N)C1=CC(=CC(=C1)CN2C=NC=N2)C(C)(C)C#N,CC(C)(C#N)c1cc(Cn2cncn2)cc(C(C)(C)C#N)c1,0.3652694610778443,1002
TELMISARTAN,CCCC1=NC2=C(N1CC3=CC=C(C=C3)C4=CC=CC=C4C(=O)O)C=C(C=C2C)C5=NC6=CC=CC=C6N5C,CCCc1nc2c(C)cc(-c3nc4ccccc4n3C)cc2n1Cc1ccc(-c2ccccc2C(=O)O)cc1,0.48144433299899697,997
CYCLOBENZAPRINE HYDROCHLORIDE,CN(C)CCC=C1C2=CC=CC=C2C=CC3=CC=CC=C31.Cl,CN(C)CCC=C1c2ccccc2C=Cc2ccccc21.Cl,0.49798792756539234,994
ULTOMIRIS,,,0.37361530715005037,993
IBUDONE,CC(C)CC1=CC=C(C=C1)C(C)C(=O)O.CN1CCC23C4C1CC5=C2C(=C(C=C5)OC)OC3C(=O)CC4.C(C(C(=O)O)O)(C(=O)O)O,CC(C)Cc1ccc(C(C)C(=O)O)cc1.COc1ccc2c3c1OC1C(=O)CCC4C(C2)N(C)CCC314.O=C(O)C(O)C(O)C(=O)O,0.16717019133937563,993
ZOLPIDEM,CC1=CC=C(C=C1)C2=C(N3C=C(C=CC3=N2)C)CC(=O)N(C)C,Cc1ccc(-c2nc3ccc(C)cn3c2CC(=O)N(C)C)cc1,0.5247225025227044,991
CREON,,,0.6177957532861477,989
ASACOL,C1=CC(=C(C=C1N)C(=O)O)O,Nc1ccc(O)c(C(=O)O)c1,0.42611336032388664,988
CLOBAZAM,CN1C(=O)CC(=O)N(C2=C1C=CC(=C2)Cl)C3=CC=CC=C3,CN1C(=O)CC(=O)N(c2ccccc2)c2cc(Cl)ccc21,0.38578680203045684,985
DAYBUE,CC1(CCCN1C(=O)CN)C(=O)NC(CCC(=O)O)C(=O)O,CC1(C(=O)NC(CCC(=O)O)C(=O)O)CCCN1C(=O)CN,0.3020408163265306,980
ESCITALOPRAM OXALATE,CN(C)CCCC1(C2=C(CO1)C=C(C=C2)C#N)C3=CC=C(C=C3)F.C(=O)(C(=O)O)O,CN(C)CCCC1(c2ccc(F)cc2)OCc2cc(C#N)ccc21.O=C(O)C(=O)O,0.49846782431052095,979
HUMAN C1-ESTERASE INHIBITOR,,,0.5030674846625767,978
MOXIFLOXACIN,COC1=C2C(=CC(=C1N3CC4CCCNC4C3)F)C(=O)C(=CN2C5CC5)C(=O)O,COc1c(N2CC3CCCNC3C2)c(F)cc2c(=O)c(C(=O)O)cn(C3CC3)c12,0.5415384615384615,975
TYLENOL EXTRA STRENGTH,CC(=O)NC1=CC=C(C=C1)O,CC(=O)Nc1ccc(O)cc1,0.20288362512873326,971
