source,target,label,label_evidence,raw_prediction_score,calibrated_prediction_score,threshold,predicted_label,confidence_margin_from_threshold,predictive_entropy_nats,conformal_no_interaction_p_value,conformal_interaction_p_value,conformal_prediction_set,conformal_prediction_set_size,conformal_abstain,source_nearest_train_tanimoto,target_nearest_train_tanimoto,pair_minimum_nearest_train_tanimoto,source_exactly_seen_in_training,target_exactly_seen_in_training,structural_ood_flag
C(CCl)NC(=O)N(CCCl)N=O,CC(C)(C)NCC(C1=CC(=C(C=C1)O)CO)O,1,reported_twosides,0.0013927447143942118,0.006203040626397308,0.5092713250521524,0,0.5030682844257551,0.037712053743655785,0.9529806884970613,0.0008396305625524769,no_interaction,1,False,0.2391304347826087,0.5227272727272727,0.2391304347826087,False,False,True
C(CCl)NC(=O)N(CCCl)N=O,C1CC(C1)(C(=O)O)C(=O)O.N.N.[Pt],1,reported_twosides,0.0018389093456789851,0.007651723376564773,0.5092713250521524,0,0.5016196016755877,0.04490787819475252,0.943744752308984,0.0008396305625524769,no_interaction,1,False,0.2391304347826087,0.26666666666666666,0.2391304347826087,False,False,True
CCOC(=O)N1CCC(=C2C3=C(CCC4=C2N=CC=C4)C=C(C=C3)Cl)CC1,C[N+](C)(C)CC(CC(=O)O)O,1,reported_twosides,0.005882881116122007,0.01835958872859491,0.5092713250521524,0,0.49091173632355756,0.09158436286679979,0.8984047019311503,0.0008396305625524769,no_interaction,1,False,0.5892857142857143,0.36666666666666664,0.36666666666666664,False,False,True
C1CC(OC1CO)N2C=NC3=C2NC=NC3=O,C[N+](C)(C)CC(CC(=O)O)O,1,reported_twosides,0.008454524911940098,0.024086162378218718,0.5092713250521524,0,0.48518516267393375,0.11354161126095433,0.8765743073047859,0.0016792611251049538,no_interaction,1,False,0.3492063492063492,0.36666666666666664,0.3492063492063492,False,False,True
CNC(=C[N+](=O)[O-])NCCSCC1=CC=C(O1)CN(C)C,C[N+](C)(C)CC(CC(=O)O)O,1,reported_twosides,0.010072160512208939,0.02744984466638311,0.5092713250521524,0,0.48182148038576933,0.12576263030437979,0.8581024349286314,0.0016792611251049538,no_interaction,1,False,0.603448275862069,0.36666666666666664,0.36666666666666664,False,False,True
C(CCl)NC(=O)N(CCCl)N=O,CNC(=C[N+](=O)[O-])NCCSCC1=CC=C(O1)CN(C)C,1,reported_twosides,0.011074364185333252,0.029461545058373693,0.5092713250521524,0,0.4798097799937788,0.13286543483848778,0.8488664987405542,0.0025188916876574307,no_interaction,1,False,0.2391304347826087,0.603448275862069,0.2391304347826087,False,False,True
CC1=C(SC=C1)C(=CCCN2CCCC(C2)C(=O)O)C3=C(C=CS3)C,CCOC(=O)N1CCC(=C2C3=C(CCC4=C2N=CC=C4)C=C(C=C3)Cl)CC1,1,reported_twosides,0.01283657643944025,0.03288546672336417,0.5092713250521524,0,0.47638585832878827,0.1446335205718069,0.8396305625524769,0.0025188916876574307,no_interaction,1,False,0.26865671641791045,0.5892857142857143,0.26865671641791045,False,False,True
CC(=O)OCC(=O)C12C(CC3C1(CC(C4(C3CC(C5=CC(=O)C=CC54C)F)F)O)C)OC(O2)(C)C,CC(C)(C)NCC(C1=CC(=C(C=C1)O)CO)O,1,reported_twosides,0.014951803721487522,0.03683286161292106,0.5092713250521524,0,0.4724384634392314,0.15774476142570365,0.8270361041141897,0.0033585222502099076,no_interaction,1,False,0.8059701492537313,0.5227272727272727,0.5227272727272727,False,False,False
C1CC(C1)(C(=O)O)C(=O)O.N.N.[Pt],CC(C)(C(=O)O)ON=C(C1=CSC(=N1)N)C(=O)NC2C3N(C2=O)C(=C(CS3)C[N+]4=CC=CC=C4)C(=O)[O-],1,reported_twosides,0.016731536015868187,0.040037862484326565,0.5092713250521524,0,0.4692334625678259,0.1680644580869087,0.8161209068010076,0.0033585222502099076,no_interaction,1,False,0.26666666666666666,0.6428571428571429,0.26666666666666666,False,False,True
CC(C)C(CCCN(C)CCC1=CC(=C(C=C1)OC)OC)(C#N)C2=CC(=C(C=C2)OC)OC,CC12CCC3C(C1CCC2C(=O)NC4=C(C=CC(=C4)C(F)(F)F)C(F)(F)F)CCC5C3(C=CC(=O)N5)C,1,reported_twosides,0.020054252818226814,0.04578418223198073,0.5092713250521524,0,0.4634871428201717,0.1859097364235377,0.8026868178001679,0.005037783375314861,no_interaction,1,False,0.23529411764705882,0.6417910447761194,0.23529411764705882,False,False,True
C(CCl)NC(=O)N(CCCl)N=O,CN(C)NN=C1C(=NC=N1)C(=O)N,1,reported_twosides,0.022223392501473427,0.04939338879681321,0.5092713250521524,0,0.45987793625533924,0.19672522529931125,0.7951301427371956,0.005037783375314861,no_interaction,1,False,0.2391304347826087,0.24390243902439024,0.2391304347826087,False,False,True
CC(C)C(CCCN(C)CCC1=CC(=C(C=C1)OC)OC)(C#N)C2=CC(=C(C=C2)OC)OC,CC1=C(SC=C1)C(=CCCN2CCCC(C2)C(=O)O)C3=C(C=CS3)C,1,reported_twosides,0.022941408678889275,0.05056625994011684,0.5092713250521524,0,0.4587050651120356,0.20017919792250777,0.7917716204869857,0.005877413937867338,no_interaction,1,False,0.23529411764705882,0.26865671641791045,0.23529411764705882,False,False,True
C(CCl)NC(=O)N(CCCl)N=O,CC(C)(C(=O)O)ON=C(C1=CSC(=N1)N)C(=O)NC2C3N(C2=O)C(=C(CS3)C[N+]4=CC=CC=C4)C(=O)[O-],1,reported_twosides,0.023616736754775047,0.05166012060786667,0.5092713250521524,0,0.45761120444428577,0.20337465585179745,0.7892527287993283,0.005877413937867338,no_interaction,1,False,0.2391304347826087,0.6428571428571429,0.2391304347826087,False,False,True
C1CC(C1)(C(=O)O)C(=O)O.N.N.[Pt],CC12CCC3C(C1CCC2O)C(CC4=C3C=CC(=C4)O)CCCCCCCCCS(=O)CCCC(C(F)(F)F)(F)F,1,reported_twosides,0.024668335914611816,0.05334627782337736,0.5092713250521524,0,0.4559250472287751,0.20825269569523133,0.7858942065491183,0.005877413937867338,no_interaction,1,False,0.26666666666666666,0.4492753623188406,0.26666666666666666,False,False,True
C1CC(C1)(C(=O)O)C(=O)O.N.N.[Pt],CN(C)NN=C1C(=NC=N1)C(=O)N,1,reported_twosides,0.02617052011191845,0.05572054066237645,0.5092713250521524,0,0.453550784389776,0.2150263340325282,0.781696053736356,0.005877413937867338,no_interaction,1,False,0.26666666666666666,0.24390243902439024,0.24390243902439024,False,False,True
CC(C)C(CCCN(C)CCC1=CC(=C(C=C1)OC)OC)(C#N)C2=CC(=C(C=C2)OC)OC,CC1=C(C(=O)C2=CC=CC=C2C1=O)CC=C(C)CCCC(C)CCCC(C)CCCC(C)C,1,reported_twosides,0.026632113382220268,0.05644237038527504,0.5092713250521524,0,0.4528289546668774,0.2170642337028701,0.7791771620486986,0.005877413937867338,no_interaction,1,False,0.23529411764705882,0.22058823529411764,0.22058823529411764,False,False,True
CC(C=CC(C)C(C)(C)O)C1CCC2C1(CCCC2=CC=C3CC(CC(C3)O)O)C,C[N+](C)(C)CC(CC(=O)O)O,1,reported_twosides,0.027734855189919472,0.05815277205900971,0.5092713250521524,0,0.45111855299314274,0.22185426393291277,0.7758186397984886,0.005877413937867338,no_interaction,1,False,0.5625,0.36666666666666664,0.36666666666666664,False,False,True
CCCN1CC(CC2C1CC3=CNC4=CC=CC2=C34)CSC,CNC(=C[N+](=O)[O-])NCCSCC1=CC=C(O1)CN(C)C,1,reported_twosides,0.028015129268169403,0.058584420214404055,0.5092713250521524,0,0.45068690483774837,0.22305460759907175,0.7716204869857263,0.005877413937867338,no_interaction,1,False,0.42168674698795183,0.603448275862069,0.42168674698795183,False,False,False
CC12CCC3C(C1CCC2(C#C)O)CCC4=CC(=O)CCC34,CNC(=C[N+](=O)[O-])NCCSCC1=CC=C(O1)CN(C)C,1,reported_twosides,0.029719088226556778,0.06118307182959682,0.5092713250521524,0,0.44808825322255563,0.23021045369593238,0.764063811922754,0.006717044500419815,no_interaction,1,False,0.7169811320754716,0.603448275862069,0.603448275862069,False,False,False
CC1=C(SC=C1)C(=CCCN2CCCC(C2)C(=O)O)C3=C(C=CS3)C,CC1=NN=C2N1C3=C(C=C(C=C3)Cl)C(=NC2)C4=CC=CC=C4,1,reported_twosides,0.03141353651881218,0.06372577878853314,0.5092713250521524,0,0.4455455462636193,0.2370983850520946,0.7573467674223342,0.006717044500419815,no_interaction,1,False,0.26865671641791045,0.7659574468085106,0.26865671641791045,False,False,True
CC(C)C(C(=O)OCC(CO)OCN1C=NC2=C1NC(=NC2=O)N)N,CCOC(=O)N1CCC(=C2C3=C(CCC4=C2N=CC=C4)C=C(C=C3)Cl)CC1,1,reported_twosides,0.032120466232299805,0.06477504567978386,0.5092713250521524,0,0.4444962793723686,0.23990892073637235,0.7565071368597817,0.006717044500419815,no_interaction,1,False,0.7307692307692307,0.5892857142857143,0.5892857142857143,False,False,False
CC(C)C(C(=O)OCC(CO)OCN1C=NC2=C1NC(=NC2=O)N)N,CNC(=C[N+](=O)[O-])NCCSCC1=CC=C(O1)CN(C)C,1,reported_twosides,0.032256461679935455,0.06497614301573926,0.5092713250521524,0,0.44429518203641316,0.24044549035149515,0.7556675062972292,0.007556675062972292,no_interaction,1,False,0.7307692307692307,0.603448275862069,0.603448275862069,False,False,False
CC(C)C(CCCN(C)CCC1=CC(=C(C=C1)OC)OC)(C#N)C2=CC(=C(C=C2)OC)OC,CC12CCC3C(C1CCC2O)C(CC4=C3C=CC(=C4)O)CCCCCCCCCS(=O)CCCC(C(F)(F)F)(F)F,1,reported_twosides,0.035011086612939835,0.06899925764874433,0.5092713250521524,0,0.44027206740340813,0.25104261130430916,0.7514693534844669,0.007556675062972292,no_interaction,1,False,0.23529411764705882,0.4492753623188406,0.23529411764705882,False,False,True
CC1(C(N2C(S1)C(C2=O)NC(=O)C(C3=CC=CC=C3)N)C(=O)[O-])C,CC1=NN=C2N1C3=C(C=C(C=C3)Cl)C(=NC2)C4=CC=CC=C4,1,reported_twosides,0.03569765016436577,0.06998772357633586,0.5092713250521524,0,0.4392836014758166,0.25360719046982183,0.7489504617968094,0.008396305625524769,no_interaction,1,False,0.6119402985074627,0.7659574468085106,0.6119402985074627,False,False,False
CC(C)(C)NCC(C1=CC(=C(C=C1)O)CO)O,CC12CCC3C(C1CCC2(C#C)O)CCC4=CC(=O)CCC34,1,reported_twosides,0.037652142345905304,0.07277241419908101,0.5092713250521524,0,0.43649891085307146,0.26075199345659994,0.7422334172963896,0.009235936188077247,no_interaction,1,False,0.5227272727272727,0.7169811320754716,0.5227272727272727,False,False,False
C(CCl)NC(=O)N(CCCl)N=O,CC1CC2C3CCC4=CC(=O)C=CC4(C3(C(CC2(C1(C(=O)CO)O)C)O)F)C,1,reported_twosides,0.03893343359231949,0.07457545932483044,0.5092713250521524,0,0.434695865727322,0.2653165860939372,0.7363560033585222,0.009235936188077247,no_interaction,1,False,0.2391304347826087,0.8596491228070176,0.2391304347826087,False,False,True
C1CC(C1)(C(=O)O)C(=O)O.N.N.[Pt],CC12CCC3C(C1CCC2C(=O)NC4=C(C=CC(=C4)C(F)(F)F)C(F)(F)F)CCC5C3(C=CC(=O)N5)C,1,reported_twosides,0.0441209077835083,0.08170855710236298,0.5092713250521524,0,0.4275627679497895,0.28292255737423216,0.7220822837951302,0.0109151973131822,no_interaction,1,False,0.26666666666666666,0.6417910447761194,0.26666666666666666,False,False,True
C1CC(C1)(C(=O)O)C(=O)O.N.N.[Pt],CC1=NN=C2N1C3=C(C=C(C=C3)Cl)C(=NC2)C4=CC=CC=C4,1,reported_twosides,0.044626131653785706,0.08238993797093398,0.5092713250521524,0,0.4268813870812185,0.2845679742565109,0.7204030226700252,0.0109151973131822,no_interaction,1,False,0.26666666666666666,0.7659574468085106,0.26666666666666666,False,False,True
CC12CCC3C(C1CCC2(C#C)O)CCC4=CC(=O)CCC34,CCOC(=O)N1CCC(=C2C3=C(CCC4=C2N=CC=C4)C=C(C=C3)Cl)CC1,1,reported_twosides,0.04520602151751518,0.08316927263387998,0.5092713250521524,0,0.4261020524182725,0.28644240639839474,0.7195633921074727,0.0109151973131822,no_interaction,1,False,0.7169811320754716,0.5892857142857143,0.5892857142857143,False,False,False
CC(C)(C)NCC(C1=CC(=C(C=C1)O)CO)O,CC1(C(N2C(S1)C(C2=O)NC(=O)C(C3=CC=CC=C3)N)C(=O)[O-])C,1,reported_twosides,0.04561777040362358,0.08372087907857248,0.5092713250521524,0,0.42555044597357994,0.28776429547584786,0.7178841309823678,0.0109151973131822,no_interaction,1,False,0.5227272727272727,0.6119402985074627,0.5227272727272727,False,False,False
CC(C)C(CCCN(C)CCC1=CC(=C(C=C1)OC)OC)(C#N)C2=CC(=C(C=C2)OC)OC,CC(C=CC(C)C(C)(C)O)C1CCC2C1(CCCC2=CC=C3CC(CC(C3)O)O)C,1,reported_twosides,0.04606366902589798,0.08431661001042286,0.5092713250521524,0,0.4249547150417296,0.28918747168401804,0.7145256087321579,0.0109151973131822,no_interaction,1,False,0.23529411764705882,0.5625,0.23529411764705882,False,False,True
C1CC(C1)(C(=O)O)C(=O)O.N.N.[Pt],CC1CC2C3CCC4=CC(=O)C=CC4(C3(C(CC2(C1(C(=O)CO)O)C)O)F)C,1,reported_twosides,0.04695792868733406,0.08550634924259104,0.5092713250521524,0,0.4237649758095614,0.29201598107285476,0.7136859781696053,0.0109151973131822,no_interaction,1,False,0.26666666666666666,0.8596491228070176,0.26666666666666666,False,False,True
C1CC(C1)CN2CCC34C5C(CCC3(C2CC6=C4C(=C(C=C6)O)O5)O)O,CC1CC2C3CCC4=CC(=O)C=CC4(C3(C(CC2(C1(C(=O)CO)O)C)O)F)C,1,reported_twosides,0.049645695835351944,0.08904332750429805,0.5092713250521524,0,0.4202279975478544,0.300318826822106,0.7044500419815282,0.011754827875734676,no_interaction,1,False,0.6451612903225806,0.8596491228070176,0.6451612903225806,False,False,False
CC(C)(C)NCC(C1=CC(=C(C=C1)O)CO)O,CC1=C(SC=C1)C(=CCCN2CCCC(C2)C(=O)O)C3=C(C=CS3)C,1,reported_twosides,0.053810033947229385,0.09441542413613238,0.5092713250521524,0,0.4148559009160201,0.3126361912648612,0.6943744752308985,0.01343408900083963,no_interaction,1,False,0.5227272727272727,0.26865671641791045,0.26865671641791045,False,False,True
CC(C)(C(=O)O)ON=C(C1=CSC(=N1)N)C(=O)NC2C3N(C2=O)C(=C(CS3)C[N+]4=CC=CC=C4)C(=O)[O-],CC1CC2C3CCC4=CC(=O)C=CC4(C3(C(CC2(C1(C(=O)CO)O)C)O)F)C,1,reported_twosides,0.05519866198301315,0.09617949207919083,0.5092713250521524,0,0.4130918329729616,0.31660643289920093,0.6910159529806885,0.014273719563392108,no_interaction,1,False,0.6428571428571429,0.8596491228070176,0.6428571428571429,False,False,False
C1C(N(C2=C(N1)NC(=NC2=O)N)C=O)CNC3=CC=C(C=C3)C(=O)NC(CCC(=O)O)C(=O)O,C1CC(C1)(C(=O)O)C(=O)O.N.N.[Pt],1,reported_twosides,0.057377323508262634,0.0989212794957541,0.5092713250521524,0,0.4103500455563983,0.32270629675618023,0.6859781696053736,0.01595298068849706,no_interaction,1,False,0.5256410256410257,0.26666666666666666,0.26666666666666666,False,False,True
CC12CCC3C(C1CCC2(C#C)O)CCC4=CC(=O)CCC34,CC1=NN=C2N1C3=C(C=C(C=C3)Cl)C(=NC2)C4=CC=CC=C4,1,reported_twosides,0.06228715553879738,0.1049910597283055,0.5092713250521524,0,0.404280265323847,0.3359130561536112,0.6792611251049538,0.017632241813602016,no_interaction,1,False,0.7169811320754716,0.7659574468085106,0.7169811320754716,False,False,False
CC(C)(C(=O)O)ON=C(C1=CSC(=N1)N)C(=O)NC2C3N(C2=O)C(=C(CS3)C[N+]4=CC=CC=C4)C(=O)[O-],CC(C)C(CCCN(C)CCC1=CC(=C(C=C1)OC)OC)(C#N)C2=CC(=C(C=C2)OC)OC,1,reported_twosides,0.06672431528568268,0.11035644681227637,0.5092713250521524,0,0.3989148782398761,0.347259926632708,0.672544080604534,0.020990764063811923,no_interaction,1,False,0.6428571428571429,0.23529411764705882,0.23529411764705882,False,False,True
CC(C)C(CCCN(C)CCC1=CC(=C(C=C1)OC)OC)(C#N)C2=CC(=C(C=C2)OC)OC,CC1=NN=C2N1C3=C(C=C(C=C3)Cl)C(=NC2)C4=CC=CC=C4,1,reported_twosides,0.06683282554149628,0.11048631670348079,0.5092713250521524,0,0.39878500834867164,0.3475308929080275,0.672544080604534,0.020990764063811923,no_interaction,1,False,0.23529411764705882,0.7659574468085106,0.23529411764705882,False,False,True
CC(C)C(CCCN(C)CCC1=CC(=C(C=C1)OC)OC)(C#N)C2=CC(=C(C=C2)OC)OC,CN(C)CCC1=CNC2=C1C=C(C=C2)CC3COC(=O)N3,1,reported_twosides,0.06713681668043137,0.11084981662650609,0.5092713250521524,0,0.3984215084256464,0.3482884033585597,0.672544080604534,0.020990764063811923,no_interaction,1,False,0.23529411764705882,0.543859649122807,0.23529411764705882,False,False,True
CC(C)C(CCCN(C)CCC1=CC(=C(C=C1)OC)OC)(C#N)C2=CC(=C(C=C2)OC)OC,CC1CC2C3CCC4=CC(=O)C=CC4(C3(C(CC2(C1(C(=O)CO)O)C)O)F)C,1,reported_twosides,0.06787043064832687,0.1117250517721897,0.5092713250521524,0,0.3975462732799627,0.35010684445101453,0.6717044500419815,0.020990764063811923,no_interaction,1,False,0.23529411764705882,0.8596491228070176,0.23529411764705882,False,False,True
CC1(C(N2C(S1)C(C2=O)NC(=O)C(C3=CC=CC=C3)N)C(=O)[O-])C,CC1CC2C3CCC4=CC(=O)C=CC4(C3(C(CC2(C1(C(=O)CO)O)C)O)F)C,1,reported_twosides,0.07026252895593643,0.11455980069434389,0.5092713250521524,0,0.39471152435780854,0.35594377020843104,0.6649874055415617,0.022670025188916875,no_interaction,1,False,0.6119402985074627,0.8596491228070176,0.6119402985074627,False,False,False
CC1=NN=C2N1C3=C(C=C(C=C3)Cl)C(=NC2)C4=CC=CC=C4,CCCN1CC(CC2C1CC3=CNC4=CC=CC2=C34)CSC,1,reported_twosides,0.07058649510145187,0.11494151129289167,0.5092713250521524,0,0.3943298137592608,0.3567236462767121,0.6649874055415617,0.022670025188916875,no_interaction,1,False,0.7659574468085106,0.42168674698795183,0.42168674698795183,False,False,False
CC1(C(N2C(S1)C(C2=O)NC(=O)C(C3=CC=CC=C3)N)C(=O)[O-])C,CNC(=C[N+](=O)[O-])NCCSCC1=CC=C(O1)CN(C)C,1,reported_twosides,0.07795069366693497,0.12348465566585397,0.5092713250521524,0,0.38578666938629846,0.37381090352416396,0.6448362720403022,0.02434928631402183,no_interaction,1,False,0.6119402985074627,0.603448275862069,0.603448275862069,False,False,False
C1CC(C1)(C(=O)O)C(=O)O.N.N.[Pt],CC(C)(C)NCC(C1=CC(=C(C=C1)O)CO)O,1,reported_twosides,0.07824070751667023,0.12381609251902152,0.5092713250521524,0,0.3854552325331309,0.37445995876690846,0.6448362720403022,0.02434928631402183,no_interaction,1,False,0.26666666666666666,0.5227272727272727,0.26666666666666666,False,False,True
CC(=O)OCC(=O)C12C(CC3C1(CC(C4(C3CC(C5=CC(=O)C=CC54C)F)F)O)C)OC(O2)(C)C,CC1=NN=C2N1C3=C(C=C(C=C3)Cl)C(=NC2)C4=CC=CC=C4,1,reported_twosides,0.0819040983915329,0.12797207056498588,0.5092713250521524,0,0.38129925448716656,0.3825134341979506,0.6372795969773299,0.02434928631402183,no_interaction,1,False,0.8059701492537313,0.7659574468085106,0.7659574468085106,False,False,False
CC(C)(C)NCC(C1=CC(=C(C=C1)O)CO)O,CC12CCC3C(C1CCC2O)C(CC4=C3C=CC(=C4)O)CCCCCCCCCS(=O)CCCC(C(F)(F)F)(F)F,1,reported_twosides,0.08224718272686005,0.12835844327408558,0.5092713250521524,0,0.38091288177806687,0.383254218773206,0.6364399664147775,0.02434928631402183,no_interaction,1,False,0.5227272727272727,0.4492753623188406,0.4492753623188406,False,False,False
CC(C)C(CCCN(C)CCC1=CC(=C(C=C1)OC)OC)(C#N)C2=CC(=C(C=C2)OC)OC,CCOC1=C(C=CC(=C1)CC(=O)NC(CC(C)C)C2=CC=CC=C2N3CCCCC3)C(=O)O,1,reported_twosides,0.08263890445232391,0.12879900850227027,0.5092713250521524,0,0.3804723165498822,0.38409727762504575,0.635600335852225,0.02434928631402183,no_interaction,1,False,0.23529411764705882,0.2804878048780488,0.23529411764705882,False,False,True
CC(C)(C)NCC(C1=CC(=C(C=C1)O)CO)O,CCN(C)C(=O)OC1=CC=CC(=C1)C(C)N(C)C,1,reported_twosides,0.08649559319019318,0.13310425092190126,0.5092713250521524,0,0.3761670741302512,0.3922454430894885,0.6263643996641478,0.02518891687657431,no_interaction,1,False,0.5227272727272727,0.32653061224489793,0.32653061224489793,False,False,True
CC(C)(C)NCC(C1=CC(=C(C=C1)O)CO)O,CC(C)C(CCCN(C)CCC1=CC(=C(C=C1)OC)OC)(C#N)C2=CC(=C(C=C2)OC)OC,1,reported_twosides,0.086543008685112,0.1331568237399482,0.5092713250521524,0,0.37611450131220425,0.3923439413279974,0.6263643996641478,0.02518891687657431,no_interaction,1,False,0.5227272727272727,0.23529411764705882,0.23529411764705882,False,False,True
CC(C)(C)NCC(C1=CC(=C(C=C1)O)CO)O,CCOC(=O)N1CCC(=C2C3=C(CCC4=C2N=CC=C4)C=C(C=C3)Cl)CC1,1,reported_twosides,0.08806801587343216,0.13484320038493733,0.5092713250521524,0,0.3744281246672151,0.3954908069047022,0.6221662468513854,0.02518891687657431,no_interaction,1,False,0.5227272727272727,0.5892857142857143,0.5227272727272727,False,False,False
C(CCl)NC(=O)N(CCCl)N=O,C1C(N(C2=C(N1)NC(=NC2=O)N)C=O)CNC3=CC=C(C=C3)C(=O)NC(CCC(=O)O)C(=O)O,1,reported_twosides,0.08852139860391617,0.13534289031899488,0.5092713250521524,0,0.37392843473315757,0.3964185605803456,0.6213266162888329,0.02518891687657431,no_interaction,1,False,0.2391304347826087,0.5256410256410257,0.2391304347826087,False,False,True
C1=CC(=CC=C1N)S(=O)(=O)C2=CC=C(C=C2)N,CCOC(=O)N1CCC(=C2C3=C(CCC4=C2N=CC=C4)C=C(C=C3)Cl)CC1,1,reported_twosides,0.09185361117124557,0.13899259349958384,0.5092713250521524,0,0.37027873155256863,0.4031305270889902,0.617968094038623,0.028547439126784216,no_interaction,1,False,0.43333333333333335,0.5892857142857143,0.43333333333333335,False,False,False
CC(C)(C)NCC(C1=CC(=C(C=C1)O)CO)O,CC1=NN=C2N1C3=C(C=C(C=C3)Cl)C(=NC2)C4=CC=CC=C4,1,reported_twosides,0.09516853094100952,0.14258477373675701,0.5092713250521524,0,0.3666865513153954,0.40962799525541566,0.6146095717884131,0.028547439126784216,no_interaction,1,False,0.5227272727272727,0.7659574468085106,0.5227272727272727,False,False,False
CC(C)(C(=O)O)ON=C(C1=CSC(=N1)N)C(=O)NC2C3N(C2=O)C(=C(CS3)C[N+]4=CC=CC=C4)C(=O)[O-],CC(C)(C)NCC(C1=CC(=C(C=C1)O)CO)O,1,reported_twosides,0.09975653141736984,0.14749627436206342,0.5092713250521524,0,0.36177505069008903,0.41834142613808656,0.6020151133501259,0.031066330814441646,no_interaction,1,False,0.6428571428571429,0.5227272727272727,0.5227272727272727,False,False,False
CC(C)(C)NCC(C1=CC(=C(C=C1)O)CO)O,CC(C)C(C(=O)OCC(CO)OCN1C=NC2=C1NC(=NC2=O)N)N,1,reported_twosides,0.10093960165977478,0.14875188001555628,0.5092713250521524,0,0.36051944503659616,0.42053797451596386,0.5994962216624685,0.031066330814441646,no_interaction,1,False,0.5227272727272727,0.7307692307692307,0.5227272727272727,False,False,False
C1CC(C1)(C(=O)O)C(=O)O.N.N.[Pt],CNC(=C[N+](=O)[O-])NCCSCC1=CC=C(O1)CN(C)C,1,reported_twosides,0.1046319305896759,0.15264307470729221,0.5092713250521524,0,0.35662825034486023,0.42726650382924736,0.5885810243492863,0.03190596137699412,no_interaction,1,False,0.26666666666666666,0.603448275862069,0.26666666666666666,False,False,True
CN(C)CCC1=CNC2=C1C=C(C=C2)CC3COC(=O)N3,CNC(=C[N+](=O)[O-])NCCSCC1=CC=C(O1)CN(C)C,1,reported_twosides,0.11021140217781067,0.15844743604195116,0.5092713250521524,0,0.3508238890102013,0.437086383189212,0.5793450881612091,0.03442485306465155,no_interaction,1,False,0.543859649122807,0.603448275862069,0.543859649122807,False,False,False
CC12CCC3C(C1CCC2O)C(CC4=C3C=CC(=C4)O)CCCCCCCCCS(=O)CCCC(C(F)(F)F)(F)F,CC1CC2C3CCC4=CC(=O)C=CC4(C3(C(CC2(C1(C(=O)CO)O)C)O)F)C,1,reported_twosides,0.11220236867666245,0.1604976379115281,0.5092713250521524,0,0.34877368714062434,0.44049415603743164,0.5776658270361041,0.03442485306465155,no_interaction,1,False,0.4492753623188406,0.8596491228070176,0.4492753623188406,False,False,False
CC(C)C(CCCN(C)CCC1=CC(=C(C=C1)OC)OC)(C#N)C2=CC(=C(C=C2)OC)OC,CC1=NN=C(S1)SCC2=C(N3C(C(C3=O)NC(=O)CN4C=NN=N4)SC2)C(=O)[O-],1,reported_twosides,0.1306629776954651,0.17903224830794787,0.5092713250521524,0,0.3302390767442046,0.46992286193893495,0.5499580184718724,0.042821158690176324,no_interaction,1,False,0.23529411764705882,0.4574468085106383,0.23529411764705882,False,False,True
CC(C)(C)NCC(C1=CC(=C(C=C1)O)CO)O,CC12CCC3C(C1CCC2C(=O)NC4=C(C=CC(=C4)C(F)(F)F)C(F)(F)F)CCC5C3(C=CC(=O)N5)C,1,reported_twosides,0.13230237364768982,0.18064007390338893,0.5092713250521524,0,0.3286312511487635,0.47236267469369203,0.5482787573467675,0.042821158690176324,no_interaction,1,False,0.5227272727272727,0.6417910447761194,0.5227272727272727,False,False,False
C1CC(C1)(C(=O)O)C(=O)O.N.N.[Pt],CCOC(=O)N1CCC(=C2C3=C(CCC4=C2N=CC=C4)C=C(C=C3)Cl)CC1,1,reported_twosides,0.13846562802791595,0.18663409637025213,0.5092713250521524,0,0.3226372286819003,0.4813053948192414,0.5398824517212426,0.04450041981528128,no_interaction,1,False,0.26666666666666666,0.5892857142857143,0.26666666666666666,False,False,True
C1C(N(C2=C(N1)NC(=NC2=O)N)C=O)CNC3=CC=C(C=C3)C(=O)NC(CCC(=O)O)C(=O)O,CCOC(=O)N1CCC(=C2C3=C(CCC4=C2N=CC=C4)C=C(C=C3)Cl)CC1,1,reported_twosides,0.13874447345733643,0.18690344978297177,0.5092713250521524,0,0.32236787526918065,0.4817016525352382,0.5398824517212426,0.04450041981528128,no_interaction,1,False,0.5256410256410257,0.5892857142857143,0.5256410256410257,False,False,False
CC12CCC3C(C1CCC2C(=O)NC4=C(C=CC(=C4)C(F)(F)F)C(F)(F)F)CCC5C3(C=CC(=O)N5)C,CC1CC2C3CCC4=CC(=O)C=CC4(C3(C(CC2(C1(C(=O)CO)O)C)O)F)C,1,reported_twosides,0.14354877173900604,0.19152020195607627,0.5092713250521524,0,0.31775112309607617,0.48841978006126013,0.5298068849706129,0.047019311502938706,no_interaction,1,False,0.6417910447761194,0.8596491228070176,0.6417910447761194,False,False,False
CC(C)(C(=O)O)ON=C(C1=CSC(=N1)N)C(=O)NC2C3N(C2=O)C(=C(CS3)C[N+]4=CC=CC=C4)C(=O)[O-],CC1=C(C(=O)C2=CC=CC=C2C1=O)CC=C(C)CCCC(C)CCCC(C)CCCC(C)C,1,reported_twosides,0.1435796022415161,0.19154968490310353,0.5092713250521524,0,0.3177216401490489,0.48846223748607864,0.5298068849706129,0.047019311502938706,no_interaction,1,False,0.6428571428571429,0.22058823529411764,0.22058823529411764,False,False,True
CC1CC2C3CCC4=CC(=O)C=CC4(C3(C(CC2(C1(C(=O)CO)O)C)O)F)C,CCOC(=O)N1CCC(=C2C3=C(CCC4=C2N=CC=C4)C=C(C=C3)Cl)CC1,1,reported_twosides,0.14422132074832916,0.19216294550601884,0.5092713250521524,0,0.3171083795461336,0.4893441022705485,0.5289672544080605,0.047019311502938706,no_interaction,1,False,0.8596491228070176,0.5892857142857143,0.5892857142857143,False,False,False
CC(C)(C(=O)O)ON=C(C1=CSC(=N1)N)C(=O)NC2C3N(C2=O)C(=C(CS3)C[N+]4=CC=CC=C4)C(=O)[O-],CC1(C(N2C(S1)C(C2=O)NC(=O)C(C3=CC=CC=C3)N)C(=O)[O-])C,1,reported_twosides,0.14496275782585144,0.19287053443000654,0.5092713250521524,0,0.3164007906221459,0.49035860063352055,0.5289672544080605,0.047019311502938706,no_interaction,1,False,0.6428571428571429,0.6119402985074627,0.6119402985074627,False,False,False
CC1=NN=C(S1)SCC2=C(N3C(C(C3=O)NC(=O)CN4C=NN=N4)SC2)C(=O)[O-],CC1CC2C3CCC4=CC(=O)C=CC4(C3(C(CC2(C1(C(=O)CO)O)C)O)F)C,1,reported_twosides,0.14517822861671448,0.19307597492284187,0.5092713250521524,0,0.31619535012931055,0.49065254596952235,0.5289672544080605,0.047019311502938706,no_interaction,1,False,0.4574468085106383,0.8596491228070176,0.4574468085106383,False,False,False
CC(C)(C)NCC(C1=CC(=C(C=C1)O)CO)O,CN(C)CCC1=CNC2=C1C=C(C=C2)CC3COC(=O)N3,1,reported_twosides,0.15320762991905212,0.200671240685407,0.5092713250521524,0,0.30860008436674546,0.5013315538818921,0.5121746431570109,0.05289672544080604,no_interaction,1,False,0.5227272727272727,0.543859649122807,0.5227272727272727,False,False,False
CC12CCC3C(C1CCC2C(=O)NC4=C(C=CC(=C4)C(F)(F)F)C(F)(F)F)CCC5C3(C=CC(=O)N5)C,CCOC(=O)N1CCC(=C2C3=C(CCC4=C2N=CC=C4)C=C(C=C3)Cl)CC1,1,reported_twosides,0.16645610332489014,0.21296332590543776,0.5092713250521524,0,0.2963079991467147,0.5178564814721256,0.49538203190596136,0.055415617128463476,no_interaction,1,False,0.6417910447761194,0.5892857142857143,0.5892857142857143,False,False,False
C1=CC(=CC=C1N)S(=O)(=O)C2=CC=C(C=C2)N,CNC(=C[N+](=O)[O-])NCCSCC1=CC=C(O1)CN(C)C,1,reported_twosides,0.16854573786258698,0.21487675304723058,0.5092713250521524,0,0.29439457200492186,0.5203467290341245,0.49370277078085645,0.056255247691015954,no_interaction,1,False,0.43333333333333335,0.603448275862069,0.43333333333333335,False,False,False
CC1=C(C(=O)C2=CC=CC=C2C1=O)CC=C(C)CCCC(C)CCCC(C)CCCC(C)C,CC1CC2C3CCC4=CC(=O)C=CC4(C3(C(CC2(C1(C(=O)CO)O)C)O)F)C,1,reported_twosides,0.17291802167892456,0.21885930349367133,0.5092713250521524,0,0.2904120215584811,0.5254604241612246,0.48866498740554154,0.05961376994122586,no_interaction,1,False,0.22058823529411764,0.8596491228070176,0.22058823529411764,False,False,True
C1CC(C1)(C(=O)O)C(=O)O.N.N.[Pt],CC(C)C(CCCN(C)CCC1=CC(=C(C=C1)OC)OC)(C#N)C2=CC(=C(C=C2)OC)OC,1,reported_twosides,0.1731945276260376,0.21911022423773227,0.5092713250521524,0,0.29016110081442015,0.525779493110651,0.48866498740554154,0.05961376994122586,no_interaction,1,False,0.26666666666666666,0.23529411764705882,0.23529411764705882,False,False,True
CC1=NN=C(S1)SCC2=C(N3C(C(C3=O)NC(=O)CN4C=NN=N4)SC2)C(=O)[O-],CCOC(=O)N1CCC(=C2C3=C(CCC4=C2N=CC=C4)C=C(C=C3)Cl)CC1,1,reported_twosides,0.1780037134885788,0.22345705576877575,0.5092713250521524,0,0.2858142692833767,0.531248747546279,0.48446683459277917,0.060453400503778336,no_interaction,1,False,0.4574468085106383,0.5892857142857143,0.4574468085106383,False,False,False
C1CC(C1)(C(=O)O)C(=O)O.N.N.[Pt],CCCCC(=O)N(CC1=CC=C(C=C1)C2=CC=CC=C2C3=NNN=N3)C(C(C)C)C(=O)O,1,reported_twosides,0.18029233813285828,0.2255143700564599,0.5092713250521524,0,0.28375695499569253,0.5337992361669475,0.4811083123425693,0.060453400503778336,no_interaction,1,False,0.26666666666666666,0.4533333333333333,0.26666666666666666,False,False,True
CC1=NN=C2N1C3=C(C=C(C=C3)Cl)C(=NC2)C4=CC=CC=C4,CC1CC2C3CCC4=CC(=O)C=CC4(C3(C(CC2(C1(C(=O)CO)O)C)O)F)C,1,reported_twosides,0.18362610042095184,0.2284985619191584,0.5092713250521524,0,0.28077276313299404,0.5374557627612807,0.47774979009235935,0.061293031066330814,no_interaction,1,False,0.7659574468085106,0.8596491228070176,0.7659574468085106,False,False,False
CC(C=CC(C)C(C)(C)O)C1CCC2C1(CCCC2=CC=C3CC(CC(C3)O)O)C,CC1=NN=C2N1C3=C(C=C(C=C3)Cl)C(=NC2)C4=CC=CC=C4,1,reported_twosides,0.1916162222623825,0.2355922278473888,0.5092713250521524,0,0.27367909720476363,0.5459456961632152,0.46851385390428213,0.06465155331654072,no_interaction,1,False,0.5625,0.7659574468085106,0.5625,False,False,False
C1=CC(=CC=C1N)S(=O)(=O)C2=CC=C(C=C2)N,CC(C)(C(=O)O)ON=C(C1=CSC(=N1)N)C(=O)NC2C3N(C2=O)C(=C(CS3)C[N+]4=CC=CC=C4)C(=O)[O-],1,reported_twosides,0.19210468232631683,0.23602329010758813,0.5092713250521524,0,0.2732480349445643,0.5464525402961569,0.46767422334172964,0.06465155331654072,no_interaction,1,False,0.43333333333333335,0.6428571428571429,0.43333333333333335,False,False,False
CC12CCC3C(C1CCC2C(=O)NC4=C(C=CC(=C4)C(F)(F)F)C(F)(F)F)CCC5C3(C=CC(=O)N5)C,CC1=NN=C2N1C3=C(C=C(C=C3)Cl)C(=NC2)C4=CC=CC=C4,1,reported_twosides,0.20247970521450043,0.24511218592474465,0.5092713250521524,0,0.2641591391274078,0.556901343418331,0.4534005037783375,0.07220822837951302,no_interaction,1,False,0.6417910447761194,0.7659574468085106,0.6417910447761194,False,False,False
CCCCC(=O)N(CC1=CC=C(C=C1)C2=CC=CC=C2C3=NNN=N3)C(C(C)C)C(=O)O,CCCN1CC(CC2C1CC3=CNC4=CC=CC2=C34)CSC,1,reported_twosides,0.20987889170646667,0.2515198147020295,0.5092713250521524,0,0.25775151035012295,0.5639986804541817,0.4424853064651553,0.07304785894206549,no_interaction,1,False,0.4533333333333333,0.42168674698795183,0.42168674698795183,False,False,False
CC(=O)OCC(=O)C12C(CC3C1(CC(C4(C3CC(C5=CC(=O)C=CC54C)F)F)O)C)OC(O2)(C)C,CC1CC2C3CCC4=CC(=O)C=CC4(C3(C(CC2(C1(C(=O)CO)O)C)O)F)C,1,reported_twosides,0.21063758432865143,0.252173512009708,0.5092713250521524,0,0.25709781304244445,0.5647104180931763,0.4424853064651553,0.07388748950461797,no_interaction,1,False,0.8059701492537313,0.8596491228070176,0.8059701492537313,False,False,False
C1=CC(=CC=C1N)S(=O)(=O)C2=CC=C(C=C2)N,CC1CC2C3CCC4=CC(=O)C=CC4(C3(C(CC2(C1(C(=O)CO)O)C)O)F)C,1,reported_twosides,0.2226279377937317,0.2624267731789029,0.5092713250521524,0,0.24684455187324955,0.5755799716361174,0.42989084802686817,0.07976490344248531,no_interaction,1,False,0.43333333333333335,0.8596491228070176,0.43333333333333335,False,False,False
CC12CCC3C(C1CCC2C(=O)NC4=C(C=CC(=C4)C(F)(F)F)C(F)(F)F)CCC5C3(C=CC(=O)N5)C,CCN(C)C(=O)OC1=CC=CC(=C1)C(C)N(C)C,1,reported_twosides,0.22389280796051025,0.26350018332708364,0.5092713250521524,0,0.2457711417250688,0.5766862527104383,0.4282115869017632,0.08144416456759027,no_interaction,1,False,0.6417910447761194,0.32653061224489793,0.32653061224489793,False,False,True
CC(C)(C)NCC(C1=CC(=C(C=C1)O)CO)O,CNC(=C[N+](=O)[O-])NCCSCC1=CC=C(O1)CN(C)C,1,reported_twosides,0.2247801423072815,0.26425230366640673,0.5092713250521524,0,0.24501902138574572,0.5774578667517267,0.42737195633921077,0.08144416456759027,no_interaction,1,False,0.5227272727272727,0.603448275862069,0.5227272727272727,False,False,False
C1C(N(C2=C(N1)NC(=NC2=O)N)C=O)CNC3=CC=C(C=C3)C(=O)NC(CCC(=O)O)C(=O)O,CC(C)C(CCCN(C)CCC1=CC(=C(C=C1)OC)OC)(C#N)C2=CC(=C(C=C2)OC)OC,1,reported_twosides,0.23113666474819183,0.26961897429360815,0.5092713250521524,0,0.2396523507585443,0.5828794949583453,0.42149454240134343,0.08480268681780016,no_interaction,1,False,0.5256410256410257,0.23529411764705882,0.23529411764705882,False,False,True
CC1(C(N2C(S1)C(C2=O)NC(=O)C(C3=CC=CC=C3)N)C(=O)[O-])C,CC1=NN=C(S1)SCC2=C(N3C(C(C3=O)NC(=O)CN4C=NN=N4)SC2)C(=O)[O-],1,reported_twosides,0.24691632390022278,0.28278975153176156,0.5092713250521524,0,0.2264815735203909,0.5955688672359176,0.4072208228379513,0.09319899244332494,no_interaction,1,False,0.6119402985074627,0.4574468085106383,0.4574468085106383,False,False,False
C1CC(C1)CN2CCC34C5C(CCC3(C2CC6=C4C(=C(C=C6)O)O5)O)O,CC1=NN=C2N1C3=C(C=C(C=C3)Cl)C(=NC2)C4=CC=CC=C4,1,reported_twosides,0.2477320283651352,0.28346506326118853,0.5092713250521524,0,0.2258062617909639,0.5961962327311391,0.4063811922753988,0.0948782535684299,no_interaction,1,False,0.6451612903225806,0.7659574468085106,0.6451612903225806,False,False,False
C1=CC(=CC=C1N)S(=O)(=O)C2=CC=C(C=C2)N,CC(C)(C)NCC(C1=CC(=C(C=C1)O)CO)O,1,reported_twosides,0.2539534568786621,0.28859886769210646,0.5092713250521524,0,0.22067245736004598,0.6008923592263482,0.39462636439966414,0.09571788413098237,no_interaction,1,False,0.43333333333333335,0.5227272727272727,0.43333333333333335,False,False,False
CC(C=CC(C)C(C)(C)O)C1CCC2C1(CCCC2=CC=C3CC(CC(C3)O)O)C,CCOC(=O)N1CCC(=C2C3=C(CCC4=C2N=CC=C4)C=C(C=C3)Cl)CC1,1,reported_twosides,0.25558069348335266,0.2899368303941164,0.5092713250521524,0,0.21933449465803606,0.6020951118447581,0.39378673383711166,0.09655751469353484,no_interaction,1,False,0.5625,0.5892857142857143,0.5625,False,False,False
C1CC(C1)CN2CCC34C5C(CCC3(C2CC6=C4C(=C(C=C6)O)O5)O)O,CNC(=C[N+](=O)[O-])NCCSCC1=CC=C(O1)CN(C)C,1,reported_twosides,0.25755566358566284,0.29155810351334555,0.5092713250521524,0,0.2177132215388069,0.6035408945414429,0.39378673383711166,0.09655751469353484,no_interaction,1,False,0.6451612903225806,0.603448275862069,0.603448275862069,False,False,False
CC(C)C(CCCN(C)CCC1=CC(=C(C=C1)OC)OC)(C#N)C2=CC(=C(C=C2)OC)OC,CC1CN(CCN1)C2=C(C=C3C(=C2OC)N(C=C(C3=O)C(=O)O)C4CC4)F,1,reported_twosides,0.25855109095573425,0.2923741897317381,0.5092713250521524,0,0.21689713532041432,0.6042638280426104,0.39210747271200674,0.09655751469353484,no_interaction,1,False,0.23529411764705882,0.7230769230769231,0.23529411764705882,False,False,True
CC1=C(C(=O)C2=CC=CC=C2C1=O)CC=C(C)CCCC(C)CCCC(C)CCCC(C)C,CC1=NN=C(S1)SCC2=C(N3C(C(C3=O)NC(=O)CN4C=NN=N4)SC2)C(=O)[O-],1,reported_twosides,0.2604612112045288,0.293938189956111,0.5092713250521524,0,0.21533313509604146,0.6056403127199598,0.39210747271200674,0.09739714525608732,no_interaction,1,False,0.22058823529411764,0.4574468085106383,0.22058823529411764,False,False,True
CC(C)C(CCCN(C)CCC1=CC(=C(C=C1)OC)OC)(C#N)C2=CC(=C(C=C2)OC)OC,CCOC(=O)N1CCC(=C2C3=C(CCC4=C2N=CC=C4)C=C(C=C3)Cl)CC1,1,reported_twosides,0.2666632831096649,0.29899887249871976,0.5092713250521524,0,0.2102724525534327,0.6100136610204371,0.3853904282115869,0.10075566750629723,no_interaction|interaction,2,True,0.23529411764705882,0.5892857142857143,0.23529411764705882,False,False,True
CCN(C)C(=O)OC1=CC=CC(=C1)C(C)N(C)C,CCOC(=O)N1CCC(=C2C3=C(CCC4=C2N=CC=C4)C=C(C=C3)Cl)CC1,1,reported_twosides,0.26711800694465637,0.2993688794360499,0.5092713250521524,0,0.20990244561610255,0.6103286062061812,0.3853904282115869,0.1015952980688497,no_interaction|interaction,2,True,0.32653061224489793,0.5892857142857143,0.32653061224489793,False,False,True
CC1=NN=C2N1C3=C(C=C(C=C3)Cl)C(=NC2)C4=CC=CC=C4,CCOC(=O)N1CCC(=C2C3=C(CCC4=C2N=CC=C4)C=C(C=C3)Cl)CC1,1,reported_twosides,0.26753970980644226,0.2997118936288377,0.5092713250521524,0,0.20955943142331473,0.6106199924752473,0.38455079764903444,0.10243492863140219,no_interaction|interaction,2,True,0.7659574468085106,0.5892857142857143,0.5892857142857143,False,False,False
CC(C)C(C(=O)OCC(CO)OCN1C=NC2=C1NC(=NC2=O)N)N,CC12CCC3C(C1CCC2(C)O)CCC4C3(COC(=O)C4)C,1,reported_twosides,0.2675517499446869,0.29972168536431565,0.5092713250521524,0,0.2095496396878368,0.6106283022006769,0.38455079764903444,0.10243492863140219,no_interaction|interaction,2,True,0.7307692307692307,0.31343283582089554,0.31343283582089554,False,False,True
CC(C)(C)NCC(C1=CC(=C(C=C1)O)CO)O,CC1CC2C3CCC4=CC(=O)C=CC4(C3(C(CC2(C1(C(=O)CO)O)C)O)F)C,1,reported_twosides,0.26800987124443054,0.30009418429380375,0.5092713250521524,0,0.2091771407583487,0.6109440830861087,0.38455079764903444,0.10243492863140219,no_interaction|interaction,2,True,0.5227272727272727,0.8596491228070176,0.5227272727272727,False,False,False
C1=CC(=C2NC(=C3C=CC=CC3=O)N(N2)C4=CC=C(C=C4)C(=O)O)C(=O)C=C1,CC1=NN=C2N1C3=C(C=C(C=C3)Cl)C(=NC2)C4=CC=CC=C4,1,reported_twosides,0.27052605152130127,0.3021376195934389,0.5092713250521524,0,0.20713370545871357,0.612664637693897,0.3811922753988245,0.10327455919395466,no_interaction|interaction,2,True,0.22033898305084745,0.7659574468085106,0.22033898305084745,False,False,True
CC12CCC3C(C1CCC2(C#C)O)CCC4=CC(=O)CCC34,CCCCC(=O)N(CC1=CC=C(C=C1)C2=CC=CC=C2C3=NNN=N3)C(C(C)C)C(=O)O,1,reported_twosides,0.2707953155040741,0.3023560479441813,0.5092713250521524,0,0.20691527710797114,0.6128473795295429,0.380352644836272,0.10327455919395466,no_interaction|interaction,2,True,0.7169811320754716,0.4533333333333333,0.4533333333333333,False,False,False
C1=CC(=CC=C1N)S(=O)(=O)C2=CC=C(C=C2)N,CC12CCC3C(C1CCC2C(=O)NC4=C(C=CC(=C4)C(F)(F)F)C(F)(F)F)CCC5C3(C=CC(=O)N5)C,1,reported_twosides,0.27226731181144714,0.30354930858090556,0.5092713250521524,0,0.20572201647124688,0.6138416964240216,0.3795130142737196,0.10411418975650713,no_interaction|interaction,2,True,0.43333333333333335,0.6417910447761194,0.43333333333333335,False,False,False
